kernel_name        ,total_cycles ,main_avg  ,main_min ,main_max   ,main_stddev ,fusion_avg ,fusion_min ,fusion_max ,fusion_stddev ,copy-start_avg ,copy-start_min ,copy-start_max ,copy-start_stddev ,copy-done_avg ,copy-done_min ,copy-done_max ,copy-done_stddev
matmul_32x32x32    ,       413.0 , 1.230036 ,1.188661 ,  1.594375 ,   0.101972 ,  1.093562 ,  1.02     ,  1.28009  ,     0.059128 ,      0.008571 ,      0.008571 ,      0.008572 ,         0.0      ,     0.076719 ,     0.054375 ,     0.481518 ,        0.092869
matmul_32x32x48    ,       413.0 , 1.239277 ,1.188661 ,  1.56     ,   0.101006 ,  1.104719 ,  1.02     ,  1.302947 ,     0.069155 ,      0.008572 ,      0.008571 ,      0.008572 ,         0.0      ,     0.074719 ,     0.054375 ,     0.447053 ,        0.085422
matmul_32x32x64    ,       413.0 , 1.228384 ,1.188571 ,  1.562947 ,   0.095242 ,  1.094987 ,  1.02134  ,  1.311428 ,     0.057294 ,      0.008571 ,      0.008571 ,      0.008572 ,         0.0      ,     0.074884 ,     0.054375 ,     0.45     ,        0.08606
matmul_32x32x80    ,       413.0 , 1.246433 ,1.187143 ,  1.795625 ,   0.13818  ,  1.111835 ,  1.074285 ,  1.254197 ,     0.064204 ,      0.008571 ,      0.008571 ,      0.008572 ,         0.0      ,     0.074996 ,     0.054375 ,     0.448572 ,        0.085706
matmul_32x32x96    ,       413.0 , 1.245152 ,1.184375 ,  1.59     ,   0.105371 ,  1.111576 ,  1.048572 ,  1.3      ,     0.071805 ,      0.008571 ,      0.008571 ,      0.008572 ,         0.0      ,     0.074857 ,     0.054375 ,     0.448482 ,        0.085718
matmul_32x32x112   ,       413.0 , 1.219214 ,1.185714 ,  1.561518 ,   0.091545 ,  1.085692 ,  1.018482 ,  1.288571 ,     0.048367 ,      0.008571 ,      0.008571 ,      0.008572 ,         0.0      ,     0.075138 ,     0.054375 ,     0.451339 ,        0.086308
matmul_32x32x128   ,       413.0 , 1.222844 ,1.188571 ,  1.561428 ,   0.089358 ,  1.088018 ,  1.018572 ,  1.227232 ,     0.04628  ,      0.008571 ,      0.008571 ,      0.008572 ,         0.0      ,     0.074754 ,     0.054375 ,     0.450089 ,        0.08611
matmul_32x48x32    ,       413.0 , 1.275795 ,1.191428 ,  1.672946 ,   0.121571 ,  1.140835 ,  1.08     ,  1.297054 ,     0.078677 ,      0.008571 ,      0.008571 ,      0.008572 ,         0.0      ,     0.07513  ,     0.054375 ,     0.448571 ,        0.085675
matmul_32x48x48    ,       413.0 , 1.189719 ,1.142947 ,  1.534375 ,   0.100382 ,  1.050406 ,  1.001339 ,  1.255625 ,     0.068506 ,      0.008571 ,      0.008571 ,      0.008572 ,         0.0      ,     0.074875 ,     0.054375 ,     0.45     ,        0.086062
matmul_32x48x64    ,       413.0 , 1.198    ,1.149911 ,  1.542857 ,   0.091673 ,  1.044857 ,  1.002857 ,  1.204197 ,     0.057705 ,      0.008572 ,      0.008571 ,      0.008572 ,         0.0      ,     0.07479  ,     0.054375 ,     0.447143 ,        0.085426
matmul_32x48x80    ,       413.0 , 1.184339 ,1.147143 ,  1.542857 ,   0.091736 ,  1.032571 ,  0.998661 ,  1.162946 ,     0.040809 ,      0.008572 ,      0.008571 ,      0.008572 ,         0.0      ,     0.074808 ,     0.054375 ,     0.450089 ,        0.086098
matmul_32x48x96    ,       413.0 , 1.180152 ,1.13866  ,  1.535804 ,   0.096796 ,  1.041839 ,  1.001429 ,  1.191428 ,     0.048139 ,      0.008572 ,      0.008571 ,      0.008572 ,         0.0      ,     0.075259 ,     0.054375 ,     0.451429 ,        0.086301
matmul_32x48x112   ,       413.0 , 1.199504 ,1.145804 ,  1.772857 ,   0.142373 ,  1.032549 ,  1.008482 ,  1.238482 ,     0.051557 ,      0.008572 ,      0.008571 ,      0.008572 ,         0.0      ,     0.086562 ,     0.054375 ,     0.678572 ,        0.135817
matmul_32x48x128   ,       413.0 , 1.171553 ,1.135714 ,  1.531339 ,   0.094458 ,  1.028299 ,  0.994286 ,  1.177143 ,     0.045528 ,      0.008571 ,      0.008571 ,      0.008572 ,         0.0      ,     0.074853 ,     0.054375 ,     0.448661 ,        0.08576
matmul_32x64x32    ,       413.0 , 1.254152 ,1.189911 ,  1.562947 ,   0.106765 ,  1.118411 ,  1.021429 ,  1.295714 ,     0.079908 ,      0.008572 ,      0.008571 ,      0.008572 ,         0.0      ,     0.074875 ,     0.054375 ,     0.448572 ,        0.085734
matmul_32x64x48    ,       413.0 , 1.177152 ,1.142857 ,  1.778572 ,   0.137997 ,  1.029942 ,  1.014375 ,  1.234286 ,     0.046991 ,      0.008571 ,      0.008571 ,      0.008572 ,         0.0      ,     0.075188 ,     0.054375 ,     0.451339 ,        0.086297
matmul_32x64x64    ,       413.0 , 1.244813 ,1.165714 ,  1.768661 ,   0.14118  ,  1.105647 ,  1.039911 ,  1.275715 ,     0.084843 ,      0.008571 ,      0.008571 ,      0.008572 ,         0.0      ,     0.075339 ,     0.054375 ,     0.455715 ,        0.087266
matmul_32x64x80    ,       413.0 , 1.187884 ,1.152857 ,  1.577143 ,   0.098852 ,  1.0475   ,  1.035714 ,  1.211518 ,     0.038575 ,      0.008571 ,      0.008571 ,      0.008572 ,         0.0      ,     0.075406 ,     0.054375 ,     0.457053 ,        0.087558
matmul_32x64x96    ,       413.0 , 1.202567 ,1.155714 ,  1.594286 ,   0.098707 ,  1.061419 ,  1.008482 ,  1.174285 ,     0.047596 ,      0.008572 ,      0.008571 ,      0.008572 ,         0.0      ,     0.077219 ,     0.054375 ,     0.494196 ,        0.095663
matmul_32x64x112   ,       413.0 , 1.211429 ,1.158482 ,  1.562768 ,   0.103338 ,  1.070652 ,  1.010089 ,  1.251429 ,     0.06926  ,      0.008571 ,      0.008571 ,      0.008572 ,         0.0      ,     0.075299 ,     0.054375 ,     0.457232 ,        0.087624
matmul_32x64x128   ,       413.0 , 1.211433 ,1.151518 ,  1.724375 ,   0.134416 ,  1.077991 ,  1.03     ,  1.29     ,     0.078057 ,      0.008571 ,      0.008571 ,      0.008572 ,         0.0      ,     0.075205 ,     0.054375 ,     0.454285 ,        0.086969
matmul_32x80x32    ,       413.0 , 1.264915 ,1.187143 ,  1.561428 ,   0.103748 ,  1.131375 ,  1.019911 ,  1.278572 ,     0.082772 ,      0.008572 ,      0.008571 ,      0.008572 ,         0.0      ,     0.074804 ,     0.054375 ,     0.45     ,        0.086078
matmul_32x80x48    ,       413.0 , 1.195603 ,1.14     ,  1.537143 ,   0.100112 ,  1.056317 ,  1.004286 ,  1.25     ,     0.066024 ,      0.008572 ,      0.008571 ,      0.008572 ,         0.0      ,     0.075134 ,     0.054375 ,     0.448571 ,        0.085674
matmul_32x80x64    ,       413.0 , 1.221147 ,1.158661 ,  1.78     ,   0.138433 ,  1.062299 ,  1.028572 ,  1.22     ,     0.061289 ,      0.008571 ,      0.008571 ,      0.008572 ,         0.0      ,     0.085554 ,     0.054375 ,     0.66     ,        0.131788
matmul_32x80x80    ,       413.0 , 1.253192 ,1.181339 ,  1.69     ,   0.119777 ,  1.096348 ,  1.041428 ,  1.23     ,     0.065598 ,      0.008571 ,      0.008571 ,      0.008572 ,         0.0      ,     0.075585 ,     0.054375 ,     0.462857 ,        0.088848
matmul_32x80x96    ,       413.0 , 1.212281 ,1.17     ,  1.582946 ,   0.09404  ,  1.071272 ,  1.027054 ,  1.228482 ,     0.054311 ,      0.008571 ,      0.008571 ,      0.008572 ,         0.0      ,     0.075795 ,     0.054375 ,     0.464286 ,        0.089128
matmul_32x80x112   ,       413.0 , 1.208415 ,1.179911 ,  1.64     ,   0.100451 ,  1.058706 ,  1.032768 ,  1.164375 ,     0.024715 ,      0.008571 ,      0.008571 ,      0.008572 ,         0.0      ,     0.078018 ,     0.054375 ,     0.514285 ,        0.100089
matmul_32x80x128   ,       413.0 , 1.218263 ,1.167143 ,  1.802857 ,   0.1438   ,  1.067942 ,  1.027143 ,  1.252947 ,     0.057518 ,      0.008572 ,      0.008571 ,      0.008572 ,         0.0      ,     0.08667  ,     0.054375 ,     0.688571 ,        0.138087
matmul_32x96x32    ,       413.0 , 1.226031 ,1.191518 ,  1.562858 ,   0.087892 ,  1.090906 ,  1.024197 ,  1.238571 ,     0.042905 ,      0.008571 ,      0.008571 ,      0.008572 ,         0.0      ,     0.074853 ,     0.054375 ,     0.445714 ,        0.085083
matmul_32x96x48    ,       413.0 , 1.189772 ,1.151428 ,  1.702857 ,   0.120281 ,  1.032504 ,  1.002947 ,  1.105804 ,     0.023346 ,      0.008571 ,      0.008571 ,      0.008572 ,         0.0      ,     0.082728 ,     0.054375 ,     0.605715 ,        0.119983
matmul_32x96x64    ,       413.0 , 1.19479  ,1.154375 ,  1.608571 ,   0.101912 ,  1.054473 ,  1.038482 ,  1.217233 ,     0.041775 ,      0.008571 ,      0.008571 ,      0.008572 ,         0.0      ,     0.075411 ,     0.054375 ,     0.455714 ,        0.087249
matmul_32x96x80    ,       413.0 , 1.198214 ,1.168571 ,  1.581339 ,   0.090786 ,  1.057067 ,  1.031429 ,  1.137142 ,     0.023516 ,      0.008571 ,      0.008571 ,      0.008572 ,         0.0      ,     0.075978 ,     0.054375 ,     0.465714 ,        0.089413
matmul_32x96x96    ,       413.0 , 1.224152 ,1.184286 ,  1.635625 ,   0.104437 ,  1.085134 ,  1.048571 ,  1.248572 ,     0.050811 ,      0.008571 ,      0.008571 ,      0.008572 ,         0.0      ,     0.077714 ,     0.054375 ,     0.502857 ,        0.097536
matmul_32x96x112   ,       413.0 , 1.25621  ,1.194286 ,  1.602946 ,   0.106421 ,  1.106228 ,  1.048571 ,  1.308571 ,     0.073095 ,      0.008571 ,      0.008571 ,      0.008572 ,         0.0      ,     0.075571 ,     0.054375 ,     0.461518 ,        0.088544
matmul_32x96x128   ,       413.0 , 1.259089 ,1.19     ,  1.791518 ,   0.144196 ,  1.098004 ,  1.041339 ,  1.264196 ,     0.068848 ,      0.008571 ,      0.008571 ,      0.008572 ,         0.0      ,     0.085353 ,     0.054375 ,     0.658572 ,        0.131507
matmul_32x112x32   ,       413.0 , 1.266741 ,1.185804 ,  1.552767 ,   0.108808 ,  1.130005 ,  1.017143 ,  1.307233 ,     0.088486 ,      0.008571 ,      0.008571 ,      0.008572 ,         0.0      ,     0.07471  ,     0.054375 ,     0.441428 ,        0.084133
matmul_32x112x48   ,       413.0 , 1.176281 ,1.148571 ,  1.572947 ,   0.093728 ,  1.02979  ,  1.012768 ,  1.162768 ,     0.035226 ,      0.008571 ,      0.008571 ,      0.008572 ,         0.0      ,     0.075228 ,     0.054375 ,     0.458482 ,        0.087927
matmul_32x112x64   ,       413.0 , 1.206152 ,1.154286 ,  1.551518 ,   0.099848 ,  1.073424 ,  1.037143 ,  1.295625 ,     0.067634 ,      0.008571 ,      0.008571 ,      0.008572 ,         0.0      ,     0.07513  ,     0.054375 ,     0.45     ,        0.086003
matmul_32x112x80   ,       413.0 , 1.21929  ,1.169911 ,  1.574286 ,   0.105326 ,  1.080866 ,  1.032857 ,  1.278661 ,     0.067985 ,      0.008572 ,      0.008571 ,      0.008572 ,         0.0      ,     0.075362 ,     0.054375 ,     0.457232 ,        0.087609
matmul_32x112x96   ,       413.0 , 1.235455 ,1.185714 ,  1.790089 ,   0.133678 ,  1.091268 ,  1.065714 ,  1.23     ,     0.045743 ,      0.008571 ,      0.008571 ,      0.008572 ,         0.0      ,     0.075991 ,     0.054375 ,     0.467054 ,        0.089718
matmul_32x112x112  ,       413.0 , 1.273594 ,1.207143 ,  1.641429 ,   0.108447 ,  1.123268 ,  1.074286 ,  1.284375 ,     0.067977 ,      0.008571 ,      0.008571 ,      0.008572 ,         0.0      ,     0.076487 ,     0.054375 ,     0.477054 ,        0.091898
matmul_32x112x128  ,       413.0 , 1.228665 ,1.197233 ,  1.608661 ,   0.090758 ,  1.083924 ,  1.057054 ,  1.147232 ,     0.018311 ,      0.008572 ,      0.008571 ,      0.008572 ,         0.0      ,     0.07592  ,     0.054375 ,     0.467143 ,        0.089754
matmul_32x128x32   ,       413.0 , 1.263795 ,1.195804 ,  1.564375 ,   0.10237  ,  1.125286 ,  1.028572 ,  1.278482 ,     0.075308 ,      0.008571 ,      0.008571 ,      0.008572 ,         0.0      ,     0.074576 ,     0.054375 ,     0.442857 ,        0.084492
matmul_32x128x48   ,       413.0 , 1.196357 ,1.141518 ,  1.62     ,   0.116289 ,  1.050661 ,  1.014286 ,  1.237143 ,     0.064503 ,      0.008571 ,      0.008571 ,      0.008572 ,         0.0      ,     0.075335 ,     0.054375 ,     0.455714 ,        0.087267
matmul_32x128x64   ,       413.0 , 1.191763 ,1.152857 ,  1.555625 ,   0.099801 ,  1.052348 ,  1.012768 ,  1.244286 ,     0.047088 ,      0.008571 ,      0.008571 ,      0.008572 ,         0.0      ,     0.074897 ,     0.054375 ,     0.454286 ,        0.08704
matmul_32x128x80   ,       413.0 , 1.215504 ,1.168661 ,  1.574196 ,   0.100025 ,  1.080772 ,  1.031518 ,  1.25     ,     0.060705 ,      0.008572 ,      0.008571 ,      0.008572 ,         0.0      ,     0.075304 ,     0.054375 ,     0.458572 ,        0.08793
matmul_32x128x96   ,       413.0 , 1.254076 ,1.182857 ,  1.725714 ,   0.129631 ,  1.116152 ,  1.048572 ,  1.305625 ,     0.07947  ,      0.008571 ,      0.008571 ,      0.008572 ,         0.0      ,     0.082415 ,     0.054375 ,     0.597143 ,        0.118088
matmul_32x128x112  ,       413.0 , 1.253147 ,1.20009  ,  1.621428 ,   0.105702 ,  1.109576 ,  1.054285 ,  1.280089 ,     0.064022 ,      0.008572 ,      0.008571 ,      0.008572 ,         0.0      ,     0.076067 ,     0.054375 ,     0.474196 ,        0.091339
matmul_32x128x128  ,       413.0 , 1.236866 ,1.212857 ,  1.645714 ,   0.093806 ,  1.099138 ,  1.074285 ,  1.102857 ,     0.006041 ,      0.008571 ,      0.008571 ,      0.008572 ,         0.0      ,     0.076897 ,     0.054375 ,     0.484285 ,        0.093462
matmul_48x32x32    ,       413.0 , 1.265705 ,1.222857 ,  1.588572 ,   0.093821 ,  1.154866 ,  1.111429 ,  1.332768 ,     0.0587   ,      0.008571 ,      0.008571 ,      0.008572 ,         0.0      ,     0.074433 ,     0.054375 ,     0.44134  ,        0.084177
matmul_48x32x48    ,       413.0 , 1.176638 ,1.137232 ,  1.531429 ,   0.097748 ,  1.036902 ,  1.001428 ,  1.24     ,     0.051002 ,      0.008571 ,      0.008571 ,      0.008572 ,         0.0      ,     0.074875 ,     0.054375 ,     0.447232 ,        0.085427
matmul_48x32x64    ,       413.0 , 1.187451 ,1.147143 ,  1.547054 ,   0.099267 ,  1.031554 ,  0.999911 ,  1.238571 ,     0.05442  ,      0.008571 ,      0.008571 ,      0.008572 ,         0.0      ,     0.075344 ,     0.054375 ,     0.454286 ,        0.086937
matmul_48x32x80    ,       413.0 , 1.212442 ,1.138572 ,  1.731429 ,   0.138105 ,  1.07621  ,  1.022857 ,  1.214286 ,     0.071196 ,      0.008572 ,      0.008571 ,      0.008572 ,         0.0      ,     0.075272 ,     0.054375 ,     0.454196 ,        0.086933
matmul_48x32x96    ,       413.0 , 1.186357 ,1.135714 ,  1.534285 ,   0.099758 ,  1.049353 ,  0.992857 ,  1.214286 ,     0.058469 ,      0.008572 ,      0.008571 ,      0.008572 ,         0.0      ,     0.074732 ,     0.054375 ,     0.448571 ,        0.085767
matmul_48x32x112   ,       413.0 , 1.17646  ,1.144286 ,  1.555715 ,   0.095442 ,  1.024107 ,  1.011428 ,  1.178571 ,     0.035947 ,      0.008572 ,      0.008571 ,      0.008572 ,         0.0      ,     0.075424 ,     0.054375 ,     0.454196 ,        0.086898
matmul_48x32x128   ,       413.0 , 1.205089 ,1.137143 ,  1.652857 ,   0.123129 ,  1.060879 ,  1.022946 ,  1.200089 ,     0.063099 ,      0.008572 ,      0.008571 ,      0.008572 ,         0.0      ,     0.078058 ,     0.054375 ,     0.508572 ,        0.098768
matmul_48x48x32    ,       429.0 , 1.274732 ,1.254285 ,  1.627142 ,   0.080857 ,  1.163978 ,  1.142857 ,  1.167143 ,     0.004991 ,      0.008571 ,      0.008571 ,      0.008572 ,         0.0      ,     0.07513  ,     0.054375 ,     0.448482 ,        0.085654
matmul_48x48x48    ,       429.0 , 1.290442 ,1.227143 ,  1.597143 ,   0.107706 ,  1.153353 ,  1.055715 ,  1.348571 ,     0.082023 ,      0.008572 ,      0.008571 ,      0.008572 ,         0.0      ,     0.074911 ,     0.054375 ,     0.447143 ,        0.085398
matmul_48x48x64    ,       429.0 , 1.290214 ,1.225804 ,  1.817054 ,   0.142532 ,  1.153411 ,  1.112767 ,  1.34     ,     0.077873 ,      0.008572 ,      0.008571 ,      0.008572 ,         0.0      ,     0.075214 ,     0.054375 ,     0.451518 ,        0.086332
matmul_48x48x80    ,       429.0 , 1.278348 ,1.224286 ,  1.597143 ,   0.103105 ,  1.142201 ,  1.057143 ,  1.338572 ,     0.071627 ,      0.008572 ,      0.008571 ,      0.008572 ,         0.0      ,     0.074786 ,     0.054375 ,     0.447143 ,        0.085427
matmul_48x48x96    ,       429.0 , 1.275286 ,1.231518 ,  1.602768 ,   0.095224 ,  1.140786 ,  1.055803 ,  1.314197 ,     0.060155 ,      0.008571 ,      0.008571 ,      0.008572 ,         0.0      ,     0.075013 ,     0.054375 ,     0.451518 ,        0.086378
matmul_48x48x112   ,       429.0 , 1.297723 ,1.225804 ,  1.777143 ,   0.135188 ,  1.162643 ,  1.111518 ,  1.33991  ,     0.079449 ,      0.008571 ,      0.008571 ,      0.008572 ,         0.0      ,     0.075205 ,     0.054375 ,     0.45     ,        0.085985
matmul_48x48x128   ,       429.0 , 1.316714 ,1.23     ,  1.705625 ,   0.124277 ,  1.181446 ,  1.117143 ,  1.341339 ,     0.086341 ,      0.008571 ,      0.008571 ,      0.008572 ,         0.0      ,     0.074866 ,     0.054375 ,     0.448661 ,        0.085757
matmul_48x64x32    ,       429.0 , 1.315424 ,1.254286 ,  1.76     ,   0.121959 ,  1.197795 ,  1.145804 ,  1.375714 ,     0.068142 ,      0.008571 ,      0.008571 ,      0.008572 ,         0.0      ,     0.08129  ,     0.054375 ,     0.577142 ,        0.113758
matmul_48x64x48    ,       429.0 , 1.256348 ,1.23     ,  1.605714 ,   0.083253 ,  1.124996 ,  1.060089 ,  1.218572 ,     0.025538 ,      0.008571 ,      0.008571 ,      0.008572 ,         0.0      ,     0.074938 ,     0.054375 ,     0.451428 ,        0.086375
matmul_48x64x64    ,       429.0 , 1.235152 ,1.184286 ,  1.78     ,   0.134774 ,  1.088969 ,  1.058482 ,  1.23     ,     0.056778 ,      0.008572 ,      0.008571 ,      0.008572 ,         0.0      ,     0.075433 ,     0.054375 ,     0.457143 ,        0.087572
matmul_48x64x80    ,       429.0 , 1.233281 ,1.177053 ,  1.695714 ,   0.11921  ,  1.087205 ,  1.051518 ,  1.24991  ,     0.059515 ,      0.008571 ,      0.008571 ,      0.008572 ,         0.0      ,     0.078714 ,     0.054375 ,     0.525625 ,        0.10253
matmul_48x64x96    ,       429.0 , 1.222487 ,1.18     ,  1.581339 ,   0.097219 ,  1.075018 ,  1.032857 ,  1.245714 ,     0.057234 ,      0.008571 ,      0.008571 ,      0.008572 ,         0.0      ,     0.075076 ,     0.054375 ,     0.454375 ,        0.087019
matmul_48x64x112   ,       429.0 , 1.222112 ,1.184196 ,  1.584197 ,   0.092396 ,  1.068219 ,  1.037054 ,  1.174286 ,     0.036857 ,      0.008571 ,      0.008571 ,      0.008572 ,         0.0      ,     0.075089 ,     0.054375 ,     0.454286 ,        0.086996
matmul_48x64x128   ,       429.0 , 1.222134 ,1.182857 ,  1.584286 ,   0.095442 ,  1.077987 ,  1.037054 ,  1.275715 ,     0.054466 ,      0.008572 ,      0.008571 ,      0.008572 ,         0.0      ,     0.075353 ,     0.054375 ,     0.455714 ,        0.087263
matmul_48x80x32    ,       429.0 , 1.281772 ,1.251518 ,  1.789911 ,   0.116617 ,  1.162634 ,  1.141428 ,  1.174286 ,     0.005735 ,      0.008571 ,      0.008571 ,      0.008572 ,         0.0      ,     0.082946 ,     0.054375 ,     0.611518 ,        0.121264
matmul_48x80x48    ,       429.0 , 1.306656 ,1.227232 ,  1.594286 ,   0.112271 ,  1.171576 ,  1.055625 ,  1.397143 ,     0.095597 ,      0.008571 ,      0.008571 ,      0.008572 ,         0.0      ,     0.074723 ,     0.054375 ,     0.445715 ,        0.085114
matmul_48x80x64    ,       429.0 , 1.218982 ,1.177143 ,  1.592946 ,   0.092998 ,  1.078357 ,  1.038661 ,  1.205715 ,     0.04039  ,      0.008571 ,      0.008571 ,      0.008572 ,         0.0      ,     0.075875 ,     0.054375 ,     0.471429 ,        0.090749
matmul_48x80x80    ,       429.0 , 1.226272 ,1.192767 ,  1.645625 ,   0.099665 ,  1.090098 ,  1.075803 ,  1.204375 ,     0.030377 ,      0.008571 ,      0.008571 ,      0.008572 ,         0.0      ,     0.075701 ,     0.054375 ,     0.464285 ,        0.089149
matmul_48x80x96    ,       429.0 , 1.23829  ,1.198482 ,  1.604286 ,   0.09472  ,  1.085844 ,  1.048661 ,  1.24     ,     0.04173  ,      0.008571 ,      0.008571 ,      0.008572 ,         0.0      ,     0.075505 ,     0.054375 ,     0.461339 ,        0.088519
matmul_48x80x112   ,       429.0 , 1.256438 ,1.191429 ,  1.594197 ,   0.107412 ,  1.114366 ,  1.054196 ,  1.275714 ,     0.066396 ,      0.008572 ,      0.008571 ,      0.008572 ,         0.0      ,     0.075402 ,     0.054375 ,     0.457142 ,        0.087579
matmul_48x80x128   ,       429.0 , 1.228991 ,1.198482 ,  1.609911 ,   0.091828 ,  1.089853 ,  1.055625 ,  1.182946 ,     0.028681 ,      0.008572 ,      0.008571 ,      0.008572 ,         0.0      ,     0.07571  ,     0.054375 ,     0.465714 ,        0.089475
matmul_48x96x32    ,       429.0 , 1.283553 ,1.248571 ,  1.617143 ,   0.084778 ,  1.172312 ,  1.137143 ,  1.278661 ,     0.037318 ,      0.008571 ,      0.008571 ,      0.008572 ,         0.0      ,     0.074562 ,     0.054375 ,     0.442946 ,        0.084515
matmul_48x96x48    ,       429.0 , 1.319437 ,1.222946 ,  1.817142 ,   0.146188 ,  1.175353 ,  1.11     ,  1.331339 ,     0.089395 ,      0.008571 ,      0.008571 ,      0.008572 ,         0.0      ,     0.082219 ,     0.054375 ,     0.594286 ,        0.117478
matmul_48x96x64    ,       429.0 , 1.25429  ,1.18     ,  1.795625 ,   0.148002 ,  1.106188 ,  1.06     ,  1.332857 ,     0.078347 ,      0.008571 ,      0.008571 ,      0.008572 ,         0.0      ,     0.08242  ,     0.054375 ,     0.595714 ,        0.117759
matmul_48x96x80    ,       429.0 , 1.255112 ,1.192857 ,  1.884286 ,   0.156739 ,  1.106143 ,  1.074286 ,  1.277142 ,     0.067749 ,      0.008571 ,      0.008571 ,      0.008572 ,         0.0      ,     0.087393 ,     0.054375 ,     0.704286 ,        0.141526
matmul_48x96x96    ,       429.0 , 1.268634 ,1.212858 ,  1.742857 ,   0.121507 ,  1.121067 ,  1.087054 ,  1.265804 ,     0.05258  ,      0.008571 ,      0.008571 ,      0.008572 ,         0.0      ,     0.081639 ,     0.054375 ,     0.581429 ,        0.114661
matmul_48x96x112   ,       429.0 , 1.262379 ,1.214375 ,  1.62866  ,   0.103884 ,  1.112554 ,  1.06991  ,  1.32     ,     0.062928 ,      0.008572 ,      0.008571 ,      0.008572 ,         0.0      ,     0.076045 ,     0.054375 ,     0.467142 ,        0.089725
matmul_48x96x128   ,       429.0 , 1.249866 ,1.217232 ,  1.632947 ,   0.09556  ,  1.091281 ,  1.068572 ,  1.271518 ,     0.041471 ,      0.008571 ,      0.008571 ,      0.008572 ,         0.0      ,     0.076076 ,     0.054375 ,     0.471429 ,        0.090702
matmul_48x112x32   ,       429.0 , 1.286344 ,1.244196 ,  1.611428 ,   0.093967 ,  1.17563  ,  1.13134  ,  1.361428 ,     0.058033 ,      0.008572 ,      0.008571 ,      0.008572 ,         0.0      ,     0.074652 ,     0.054375 ,     0.445625 ,        0.085109
matmul_48x112x48   ,       429.0 , 1.263643 ,1.228661 ,  1.6      ,   0.088814 ,  1.129357 ,  1.059911 ,  1.321428 ,     0.050376 ,      0.008571 ,      0.008571 ,      0.008572 ,         0.0      ,     0.075054 ,     0.054375 ,     0.448482 ,        0.085672
matmul_48x112x64   ,       429.0 , 1.236924 ,1.188661 ,  1.588482 ,   0.093509 ,  1.086    ,  1.037143 ,  1.231428 ,     0.056616 ,      0.008571 ,      0.008571 ,      0.008572 ,         0.0      ,     0.075353 ,     0.054375 ,     0.457143 ,        0.087591
matmul_48x112x80   ,       429.0 , 1.242714 ,1.198661 ,  1.822857 ,   0.137122 ,  1.085429 ,  1.051428 ,  1.198661 ,     0.036903 ,      0.008571 ,      0.008571 ,      0.008572 ,         0.0      ,     0.086295 ,     0.054375 ,     0.678572 ,        0.135879
matmul_48x112x96   ,       429.0 , 1.256768 ,1.204285 ,  1.614285 ,   0.101621 ,  1.121915 ,  1.071428 ,  1.318572 ,     0.06339  ,      0.008571 ,      0.008571 ,      0.008572 ,         0.0      ,     0.075585 ,     0.054375 ,     0.464196 ,        0.089156
matmul_48x112x112  ,       429.0 , 1.293986 ,1.224286 ,  1.817232 ,   0.143679 ,  1.139353 ,  1.081339 ,  1.317232 ,     0.074258 ,      0.008571 ,      0.008571 ,      0.008572 ,         0.0      ,     0.084879 ,     0.054375 ,     0.652857 ,        0.130305
matmul_48x112x128  ,       429.0 , 1.281803 ,1.231428 ,  1.651339 ,   0.104687 ,  1.125219 ,  1.078661 ,  1.305715 ,     0.060659 ,      0.008571 ,      0.008571 ,      0.008572 ,         0.0      ,     0.076558 ,     0.054375 ,     0.477232 ,        0.091922
matmul_48x128x32   ,       429.0 , 1.280942 ,1.252857 ,  1.767143 ,   0.111556 ,  1.16571  ,  1.161428 ,  1.198571 ,     0.007744 ,      0.008572 ,      0.008571 ,      0.008572 ,         0.0      ,     0.079402 ,     0.054375 ,     0.532947 ,        0.104051
matmul_48x128x48   ,       429.0 , 1.304705 ,1.231428 ,  1.93     ,   0.163908 ,  1.161929 ,  1.117142 ,  1.39     ,     0.084496 ,      0.008571 ,      0.008571 ,      0.008572 ,         0.0      ,     0.084946 ,     0.054375 ,     0.651429 ,        0.129962
matmul_48x128x64   ,       429.0 , 1.229187 ,1.175715 ,  1.607143 ,   0.10287  ,  1.093719 ,  1.045714 ,  1.284375 ,     0.060826 ,      0.008572 ,      0.008571 ,      0.008572 ,         0.0      ,     0.076589 ,     0.054375 ,     0.485715 ,        0.093862
matmul_48x128x80   ,       429.0 , 1.235723 ,1.192857 ,  1.601518 ,   0.103565 ,  1.097205 ,  1.049911 ,  1.287053 ,     0.06124  ,      0.008571 ,      0.008571 ,      0.008572 ,         0.0      ,     0.075701 ,     0.054375 ,     0.462768 ,        0.088801
matmul_48x128x96   ,       429.0 , 1.248844 ,1.214286 ,  1.625625 ,   0.09174  ,  1.102438 ,  1.072857 ,  1.222947 ,     0.032819 ,      0.008571 ,      0.008571 ,      0.008572 ,         0.0      ,     0.075585 ,     0.054375 ,     0.462946 ,        0.088869
matmul_48x128x112  ,       429.0 , 1.286844 ,1.23     ,  1.655714 ,   0.108095 ,  1.134929 ,  1.082857 ,  1.312857 ,     0.067964 ,      0.008571 ,      0.008571 ,      0.008572 ,         0.0      ,     0.076232 ,     0.054375 ,     0.48     ,        0.092633
matmul_48x128x128  ,       429.0 , 1.296353 ,1.231518 ,  1.778571 ,   0.131347 ,  1.15521  ,  1.117142 ,  1.344286 ,     0.066531 ,      0.008572 ,      0.008571 ,      0.008572 ,         0.0      ,     0.079978 ,     0.054375 ,     0.547232 ,        0.107197
matmul_64x32x32    ,       413.0 , 1.270647 ,1.228571 ,  1.602858 ,   0.095179 ,  1.159228 ,  1.114375 ,  1.349911 ,     0.058108 ,      0.008571 ,      0.008571 ,      0.008572 ,         0.0      ,     0.074996 ,     0.054375 ,     0.451429 ,        0.086362
matmul_64x32x48    ,       413.0 , 1.185781 ,1.138482 ,  1.528571 ,   0.099362 ,  1.043871 ,  0.991428 ,  1.221429 ,     0.064807 ,      0.008572 ,      0.008571 ,      0.008572 ,         0.0      ,     0.07446  ,     0.054375 ,     0.445714 ,        0.085174
matmul_64x32x64    ,       413.0 , 1.192652 ,1.154285 ,  1.551339 ,   0.091433 ,  1.045004 ,  1.005714 ,  1.160089 ,     0.038072 ,      0.008571 ,      0.008571 ,      0.008572 ,         0.0      ,     0.074996 ,     0.054375 ,     0.451429 ,        0.086362
matmul_64x32x80    ,       413.0 , 1.209527 ,1.154375 ,  1.548661 ,   0.095365 ,  1.079049 ,  1.008571 ,  1.21     ,     0.065207 ,      0.008572 ,      0.008571 ,      0.008572 ,         0.0      ,     0.075013 ,     0.054375 ,     0.450089 ,        0.08605
matmul_64x32x96    ,       413.0 , 1.182571 ,1.161429 ,  1.56     ,   0.08659  ,  1.030594 ,  1.012858 ,  1.034285 ,     0.004341 ,      0.008571 ,      0.008571 ,      0.008572 ,         0.0      ,     0.07513  ,     0.054375 ,     0.452857 ,        0.086659
matmul_64x32x112   ,       413.0 , 1.186732 ,1.152857 ,  1.549911 ,   0.09028  ,  1.047129 ,  1.011339 ,  1.195625 ,     0.043519 ,      0.008572 ,      0.008571 ,      0.008572 ,         0.0      ,     0.075205 ,     0.054375 ,     0.451429 ,        0.086313
matmul_64x32x128   ,       413.0 , 1.172473 ,1.15     ,  1.552768 ,   0.087253 ,  1.034219 ,  1.008571 ,  1.037054 ,     0.005931 ,      0.008572 ,      0.008571 ,      0.008572 ,         0.0      ,     0.075094 ,     0.054375 ,     0.457143 ,        0.08765
matmul_64x48x32    ,       429.0 , 1.304866 ,1.254286 ,  1.625625 ,   0.091552 ,  1.193589 ,  1.141518 ,  1.31866  ,     0.055638 ,      0.008571 ,      0.008571 ,      0.008572 ,         0.0      ,     0.074906 ,     0.054375 ,     0.445804 ,        0.085091
matmul_64x48x48    ,       429.0 , 1.29583  ,1.254375 ,  1.627054 ,   0.091521 ,  1.184929 ,  1.145714 ,  1.368482 ,     0.052036 ,      0.008571 ,      0.008571 ,      0.008572 ,         0.0      ,     0.074513 ,     0.054375 ,     0.444285 ,        0.084834
matmul_64x48x64    ,       429.0 , 1.242205 ,1.185714 ,  1.585715 ,   0.103373 ,  1.095732 ,  1.037232 ,  1.264375 ,     0.067893 ,      0.008572 ,      0.008571 ,      0.008572 ,         0.0      ,     0.075214 ,     0.054375 ,     0.454286 ,        0.086967
matmul_64x48x80    ,       429.0 , 1.218571 ,1.172947 ,  1.575714 ,   0.109309 ,  1.076728 ,  1.031517 ,  1.335715 ,     0.0663   ,      0.008571 ,      0.008571 ,      0.008572 ,         0.0      ,     0.075339 ,     0.054375 ,     0.455625 ,        0.087245
matmul_64x48x96    ,       429.0 , 1.226692 ,1.175625 ,  1.577143 ,   0.106929 ,  1.088491 ,  1.027054 ,  1.298571 ,     0.076233 ,      0.008572 ,      0.008571 ,      0.008572 ,         0.0      ,     0.075098 ,     0.054375 ,     0.457143 ,        0.087649
matmul_64x48x112   ,       429.0 , 1.226214 ,1.174286 ,  1.575714 ,   0.099362 ,  1.082491 ,  1.029911 ,  1.29009  ,     0.06005  ,      0.008571 ,      0.008571 ,      0.008572 ,         0.0      ,     0.075219 ,     0.054375 ,     0.455714 ,        0.087294
matmul_64x48x128   ,       429.0 , 1.222629 ,1.174286 ,  1.822947 ,   0.146187 ,  1.073147 ,  1.057053 ,  1.245715 ,     0.04227  ,      0.008572 ,      0.008571 ,      0.008572 ,         0.0      ,     0.085888 ,     0.054375 ,     0.672947 ,        0.134682
matmul_64x64x32    ,       445.0 , 1.34179  ,1.275714 ,  1.645714 ,   0.096395 ,  1.230982 ,  1.161428 ,  1.382857 ,     0.06828  ,      0.008571 ,      0.008571 ,      0.008572 ,         0.0      ,     0.074723 ,     0.054375 ,     0.447143 ,        0.085441
matmul_64x64x48    ,       445.0 , 1.314147 ,1.277054 ,  1.652768 ,   0.092155 ,  1.203397 ,  1.165714 ,  1.387143 ,     0.050169 ,      0.008571 ,      0.008571 ,      0.008572 ,         0.0      ,     0.075134 ,     0.054375 ,     0.45     ,        0.086002
matmul_64x64x64    ,       445.0 , 1.34158  ,1.264196 ,  1.788572 ,   0.134417 ,  1.203656 ,  1.15     ,  1.384375 ,     0.086625 ,      0.008571 ,      0.008571 ,      0.008572 ,         0.0      ,     0.078054 ,     0.054375 ,     0.51134  ,        0.099404
matmul_64x64x80    ,       445.0 , 1.311844 ,1.264286 ,  1.641339 ,   0.093901 ,  1.175402 ,  1.091429 ,  1.327054 ,     0.061881 ,      0.008572 ,      0.008571 ,      0.008572 ,         0.0      ,     0.075232 ,     0.054375 ,     0.455715 ,        0.087291
matmul_64x64x96    ,       445.0 , 1.31492  ,1.264196 ,  1.93009  ,   0.14821  ,  1.172871 ,  1.154286 ,  1.3      ,     0.043055 ,      0.008572 ,      0.008571 ,      0.008572 ,         0.0      ,     0.084299 ,     0.054375 ,     0.64     ,        0.127488
matmul_64x64x112   ,       445.0 , 1.34429  ,1.262858 ,  1.635625 ,   0.116443 ,  1.207438 ,  1.09134  ,  1.425715 ,     0.099795 ,      0.008572 ,      0.008571 ,      0.008572 ,         0.0      ,     0.075125 ,     0.054375 ,     0.451428 ,        0.086332
matmul_64x64x128   ,       445.0 , 1.287348 ,1.262768 ,  1.631518 ,   0.081112 ,  1.150563 ,  1.091429 ,  1.234286 ,     0.02297  ,      0.008571 ,      0.008571 ,      0.008572 ,         0.0      ,     0.074741 ,     0.054375 ,     0.447232 ,        0.085458
matmul_64x80x32    ,       445.0 , 1.319643 ,1.262946 ,  1.822858 ,   0.131309 ,  1.208929 ,  1.172767 ,  1.374285 ,     0.070055 ,      0.008571 ,      0.008571 ,      0.008572 ,         0.0      ,     0.074496 ,     0.054375 ,     0.44     ,        0.083855
matmul_64x80x48    ,       445.0 , 1.328853 ,1.277143 ,  1.652858 ,   0.099328 ,  1.217576 ,  1.164375 ,  1.427054 ,     0.06702  ,      0.008571 ,      0.008571 ,      0.008572 ,         0.0      ,     0.075076 ,     0.054375 ,     0.451428 ,        0.086343
matmul_64x80x64    ,       445.0 , 1.329929 ,1.265625 ,  1.640089 ,   0.10347  ,  1.196848 ,  1.092768 ,  1.388571 ,     0.081664 ,      0.008572 ,      0.008571 ,      0.008572 ,         0.0      ,     0.075094 ,     0.054375 ,     0.455714 ,        0.087323
matmul_64x80x80    ,       445.0 , 1.28408  ,1.221428 ,  1.830089 ,   0.140798 ,  1.139263 ,  1.099911 ,  1.281429 ,     0.067007 ,      0.008572 ,      0.008571 ,      0.008572 ,         0.0      ,     0.075862 ,     0.054375 ,     0.465714 ,        0.08944
matmul_64x80x96    ,       445.0 , 1.252937 ,1.21991  ,  1.624375 ,   0.090508 ,  1.110777 ,  1.072857 ,  1.23     ,     0.033563 ,      0.008572 ,      0.008571 ,      0.008572 ,         0.0      ,     0.075563 ,     0.054375 ,     0.458482 ,        0.087849
matmul_64x80x112   ,       445.0 , 1.299129 ,1.220089 ,  1.764286 ,   0.130849 ,  1.156487 ,  1.097142 ,  1.305625 ,     0.07681  ,      0.008571 ,      0.008571 ,      0.008572 ,         0.0      ,     0.075509 ,     0.054375 ,     0.46134  ,        0.088518
matmul_64x80x128   ,       445.0 , 1.291656 ,1.22     ,  1.65991  ,   0.11289  ,  1.146437 ,  1.077232 ,  1.327143 ,     0.07767  ,      0.008571 ,      0.008571 ,      0.008572 ,         0.0      ,     0.077201 ,     0.054375 ,     0.492857 ,        0.09536
matmul_64x96x32    ,       445.0 , 1.299344 ,1.275625 ,  1.648572 ,   0.080876 ,  1.188214 ,  1.162857 ,  1.237143 ,     0.012506 ,      0.008572 ,      0.008571 ,      0.008572 ,         0.0      ,     0.074928 ,     0.054375 ,     0.44866  ,        0.085742
matmul_64x96x48    ,       445.0 , 1.30542  ,1.28     ,  1.658572 ,   0.083403 ,  1.194344 ,  1.17     ,  1.282768 ,     0.020823 ,      0.008571 ,      0.008571 ,      0.008572 ,         0.0      ,     0.075022 ,     0.054375 ,     0.452947 ,        0.086704
matmul_64x96x64    ,       445.0 , 1.343719 ,1.265714 ,  1.634286 ,   0.108339 ,  1.210197 ,  1.091429 ,  1.388483 ,     0.094668 ,      0.008571 ,      0.008571 ,      0.008572 ,         0.0      ,     0.075192 ,     0.054375 ,     0.45     ,        0.085988
matmul_64x96x80    ,       445.0 , 1.268277 ,1.218572 ,  1.771339 ,   0.123574 ,  1.124723 ,  1.099911 ,  1.285714 ,     0.048121 ,      0.008571 ,      0.008571 ,      0.008572 ,         0.0      ,     0.082656 ,     0.054375 ,     0.604286 ,        0.119672
matmul_64x96x96    ,       445.0 , 1.297339 ,1.239911 ,  1.655625 ,   0.108966 ,  1.14971  ,  1.091339 ,  1.340089 ,     0.071107 ,      0.008572 ,      0.008571 ,      0.008572 ,         0.0      ,     0.075946 ,     0.054375 ,     0.474286 ,        0.091387
matmul_64x96x112   ,       445.0 , 1.282826 ,1.231518 ,  1.678572 ,   0.111464 ,  1.144089 ,  1.105714 ,  1.308661 ,     0.065881 ,      0.008571 ,      0.008571 ,      0.008572 ,         0.0      ,     0.077031 ,     0.054375 ,     0.497143 ,        0.096382
matmul_64x96x128   ,       445.0 , 1.259353 ,1.225803 ,  1.712768 ,   0.10648  ,  1.117915 ,  1.097143 ,  1.211428 ,     0.022538 ,      0.008572 ,      0.008571 ,      0.008572 ,         0.0      ,     0.079223 ,     0.054375 ,     0.534285 ,        0.1044
matmul_64x112x32   ,       445.0 , 1.324576 ,1.271517 ,  1.801428 ,   0.124419 ,  1.211277 ,  1.181339 ,  1.384285 ,     0.060752 ,      0.008571 ,      0.008571 ,      0.008572 ,         0.0      ,     0.077219 ,     0.054375 ,     0.495803 ,        0.096032
matmul_64x112x48   ,       445.0 , 1.331223 ,1.277143 ,  1.647054 ,   0.105402 ,  1.220692 ,  1.167143 ,  1.458482 ,     0.077512 ,      0.008571 ,      0.008571 ,      0.008572 ,         0.0      ,     0.074652 ,     0.054375 ,     0.442946 ,        0.084495
matmul_64x112x64   ,       445.0 , 1.316295 ,1.261518 ,  1.78     ,   0.1241   ,  1.178009 ,  1.145714 ,  1.345715 ,     0.063844 ,      0.008571 ,      0.008571 ,      0.008572 ,         0.0      ,     0.075054 ,     0.054375 ,     0.45     ,        0.08602
matmul_64x112x80   ,       445.0 , 1.273067 ,1.214375 ,  1.704375 ,   0.117092 ,  1.13608  ,  1.098482 ,  1.288571 ,     0.0628   ,      0.008572 ,      0.008571 ,      0.008572 ,         0.0      ,     0.075509 ,     0.054375 ,     0.464196 ,        0.089173
matmul_64x112x96   ,       445.0 , 1.275746 ,1.235715 ,  1.644197 ,   0.103054 ,  1.129795 ,  1.097054 ,  1.348571 ,     0.052434 ,      0.008571 ,      0.008571 ,      0.008572 ,         0.0      ,     0.07538  ,     0.054375 ,     0.462857 ,        0.088896
matmul_64x112x112  ,       445.0 , 1.34258  ,1.288572 ,  1.685714 ,   0.10447  ,  1.201656 ,  1.118571 ,  1.412858 ,     0.07043  ,      0.008572 ,      0.008571 ,      0.008572 ,         0.0      ,     0.076058 ,     0.054375 ,     0.472857 ,        0.091034
matmul_64x112x128  ,       445.0 , 1.303424 ,1.240089 ,  1.655804 ,   0.111828 ,  1.164054 ,  1.102946 ,  1.359911 ,     0.075247 ,      0.008571 ,      0.008571 ,      0.008572 ,         0.0      ,     0.076    ,     0.054375 ,     0.46991  ,        0.090371
matmul_64x128x32   ,       445.0 , 1.306929 ,1.268482 ,  1.638661 ,   0.08366  ,  1.195656 ,  1.154286 ,  1.278572 ,     0.03613  ,      0.008571 ,      0.008571 ,      0.008572 ,         0.0      ,     0.074799 ,     0.054375 ,     0.448572 ,        0.085752
matmul_64x128x48   ,       445.0 , 1.332911 ,1.278482 ,  1.654286 ,   0.099507 ,  1.221585 ,  1.168571 ,  1.44991  ,     0.068246 ,      0.008572 ,      0.008571 ,      0.008572 ,         0.0      ,     0.074933 ,     0.054375 ,     0.44991  ,        0.086028
matmul_64x128x64   ,       445.0 , 1.314781 ,1.267143 ,  1.63866  ,   0.091477 ,  1.176219 ,  1.091429 ,  1.3      ,     0.053412 ,      0.008572 ,      0.008571 ,      0.008572 ,         0.0      ,     0.075263 ,     0.054375 ,     0.454286 ,        0.086955
matmul_64x128x80   ,       445.0 , 1.278223 ,1.22     ,  1.631429 ,   0.110306 ,  1.135509 ,  1.08     ,  1.325714 ,     0.076697 ,      0.008572 ,      0.008571 ,      0.008572 ,         0.0      ,     0.075705 ,     0.054375 ,     0.465714 ,        0.089476
matmul_64x128x96   ,       445.0 , 1.285563 ,1.237232 ,  1.654375 ,   0.101221 ,  1.146871 ,  1.088661 ,  1.337143 ,     0.058144 ,      0.008571 ,      0.008571 ,      0.008572 ,         0.0      ,     0.076022 ,     0.054375 ,     0.474285 ,        0.09137
matmul_64x128x112  ,       445.0 , 1.306076 ,1.252768 ,  1.668571 ,   0.10381  ,  1.157237 ,  1.114196 ,  1.34     ,     0.057728 ,      0.008571 ,      0.008571 ,      0.008572 ,         0.0      ,     0.075991 ,     0.054375 ,     0.47     ,        0.090394
matmul_64x128x128  ,       445.0 , 1.315005 ,1.262947 ,  1.682857 ,   0.101355 ,  1.170406 ,  1.117053 ,  1.351339 ,     0.058264 ,      0.008572 ,      0.008571 ,      0.008572 ,         0.0      ,     0.076286 ,     0.054375 ,     0.474196 ,        0.091289
matmul_80x32x32    ,       413.0 , 1.258549 ,1.224286 ,  1.588571 ,   0.08487  ,  1.147723 ,  1.110089 ,  1.290089 ,     0.039086 ,      0.008571 ,      0.008571 ,      0.008572 ,         0.0      ,     0.074379 ,     0.054375 ,     0.441518 ,        0.08423
matmul_80x32x48    ,       413.0 , 1.18583  ,1.14     ,  1.658661 ,   0.120025 ,  1.047871 ,  1.022946 ,  1.194286 ,     0.052787 ,      0.008572 ,      0.008571 ,      0.008572 ,         0.0      ,     0.074808 ,     0.054375 ,     0.451429 ,        0.086405
matmul_80x32x64    ,       413.0 , 1.195299 ,1.158482 ,  1.620089 ,   0.107166 ,  1.043857 ,  1.028572 ,  1.214286 ,     0.042755 ,      0.008571 ,      0.008571 ,      0.008572 ,         0.0      ,     0.077063 ,     0.054375 ,     0.492946 ,        0.095412
matmul_80x32x80    ,       413.0 , 1.223357 ,1.17     ,  1.66009  ,   0.113474 ,  1.072933 ,  1.022857 ,  1.262857 ,     0.060823 ,      0.008571 ,      0.008571 ,      0.008572 ,         0.0      ,     0.079835 ,     0.054375 ,     0.544375 ,        0.106574
matmul_80x32x96    ,       413.0 , 1.214732 ,1.167143 ,  1.575714 ,   0.10486  ,  1.071701 ,  1.031339 ,  1.248572 ,     0.054697 ,      0.008571 ,      0.008571 ,      0.008572 ,         0.0      ,     0.075571 ,     0.054375 ,     0.461428 ,        0.088524
matmul_80x32x112   ,       413.0 , 1.242353 ,1.17991  ,  1.817233 ,   0.147228 ,  1.079763 ,  1.031429 ,  1.292768 ,     0.081898 ,      0.008572 ,      0.008571 ,      0.008572 ,         0.0      ,     0.087027 ,     0.054375 ,     0.692947 ,        0.139009
matmul_80x32x128   ,       413.0 , 1.214794 ,1.16866  ,  1.58     ,   0.094286 ,  1.074277 ,  1.031428 ,  1.185714 ,     0.039595 ,      0.008571 ,      0.008571 ,      0.008572 ,         0.0      ,     0.075723 ,     0.054375 ,     0.464285 ,        0.089144
matmul_80x48x32    ,       429.0 , 1.284973 ,1.251428 ,  1.768483 ,   0.112208 ,  1.166723 ,  1.141518 ,  1.241428 ,     0.017886 ,      0.008571 ,      0.008571 ,      0.008572 ,         0.0      ,     0.081612 ,     0.054375 ,     0.58866  ,        0.116327
matmul_80x48x48    ,       429.0 , 1.334129 ,1.255625 ,  1.635714 ,   0.107657 ,  1.222786 ,  1.145715 ,  1.398482 ,     0.08479  ,      0.008572 ,      0.008571 ,      0.008572 ,         0.0      ,     0.07521  ,     0.054375 ,     0.454286 ,        0.086968
matmul_80x48x64    ,       429.0 , 1.218442 ,1.177143 ,  1.581428 ,   0.101945 ,  1.07729  ,  1.031428 ,  1.255625 ,     0.054403 ,      0.008571 ,      0.008571 ,      0.008572 ,         0.0      ,     0.075371 ,     0.054375 ,     0.45866  ,        0.087935
matmul_80x48x80    ,       429.0 , 1.22079  ,1.188571 ,  1.594196 ,   0.096244 ,  1.08221  ,  1.044286 ,  1.252768 ,     0.0407   ,      0.008571 ,      0.008571 ,      0.008572 ,         0.0      ,     0.075362 ,     0.054375 ,     0.458572 ,        0.087917
matmul_80x48x96    ,       429.0 , 1.247942 ,1.197232 ,  1.61     ,   0.102414 ,  1.100058 ,  1.057054 ,  1.291429 ,     0.05627  ,      0.008571 ,      0.008571 ,      0.008572 ,         0.0      ,     0.075772 ,     0.054375 ,     0.464286 ,        0.089133
matmul_80x48x112   ,       429.0 , 1.241147 ,1.197232 ,  1.707143 ,   0.113577 ,  1.091406 ,  1.051428 ,  1.257143 ,     0.044878 ,      0.008571 ,      0.008571 ,      0.008572 ,         0.0      ,     0.080839 ,     0.054375 ,     0.562857 ,        0.110583
matmul_80x48x128   ,       429.0 , 1.253728 ,1.188661 ,  1.598661 ,   0.103353 ,  1.114661 ,  1.051429 ,  1.255803 ,     0.067448 ,      0.008572 ,      0.008571 ,      0.008572 ,         0.0      ,     0.075768 ,     0.054375 ,     0.464197 ,        0.089113
matmul_80x64x32    ,       445.0 , 1.316893 ,1.26991  ,  1.744196 ,   0.106883 ,  1.203505 ,  1.178571 ,  1.314286 ,     0.042679 ,      0.008571 ,      0.008571 ,      0.008572 ,         0.0      ,     0.07675  ,     0.054375 ,     0.492857 ,        0.095463
matmul_80x64x48    ,       445.0 , 1.317375 ,1.275714 ,  1.885803 ,   0.135332 ,  1.198562 ,  1.182946 ,  1.351518 ,     0.037354 ,      0.008571 ,      0.008571 ,      0.008572 ,         0.0      ,     0.082969 ,     0.054375 ,     0.605714 ,        0.119927
matmul_80x64x64    ,       445.0 , 1.35008  ,1.277232 ,  1.657143 ,   0.11235  ,  1.239116 ,  1.168482 ,  1.434286 ,     0.088989 ,      0.008571 ,      0.008571 ,      0.008572 ,         0.0      ,     0.075353 ,     0.054375 ,     0.454196 ,        0.086914
matmul_80x64x80    ,       445.0 , 1.245652 ,1.214286 ,  1.622946 ,   0.089038 ,  1.107129 ,  1.077143 ,  1.18     ,     0.023149 ,      0.008572 ,      0.008571 ,      0.008572 ,         0.0      ,     0.075777 ,     0.054375 ,     0.464375 ,        0.089152
matmul_80x64x96    ,       445.0 , 1.261563 ,1.217142 ,  1.625714 ,   0.096951 ,  1.119862 ,  1.077143 ,  1.281429 ,     0.052082 ,      0.008572 ,      0.008571 ,      0.008572 ,         0.0      ,     0.075523 ,     0.054375 ,     0.462858 ,        0.088863
matmul_80x64x112   ,       445.0 , 1.273089 ,1.211518 ,  1.625714 ,   0.112708 ,  1.131473 ,  1.075714 ,  1.351339 ,     0.074898 ,      0.008572 ,      0.008571 ,      0.008572 ,         0.0      ,     0.075991 ,     0.054375 ,     0.465804 ,        0.08943
matmul_80x64x128   ,       445.0 , 1.256799 ,1.221518 ,  1.831429 ,   0.132344 ,  1.109701 ,  1.091339 ,  1.275714 ,     0.040951 ,      0.008572 ,      0.008571 ,      0.008572 ,         0.0      ,     0.075835 ,     0.054375 ,     0.462857 ,        0.08879
matmul_80x80x32    ,       461.0 , 1.372928 ,1.292857 ,  1.822857 ,   0.126309 ,  1.259986 ,  1.202768 ,  1.407143 ,     0.073267 ,      0.008571 ,      0.008571 ,      0.008572 ,         0.0      ,     0.077    ,     0.054375 ,     0.488661 ,        0.094443
matmul_80x80x48    ,       461.0 , 1.345549 ,1.298572 ,  1.677232 ,   0.095712 ,  1.234683 ,  1.188571 ,  1.425714 ,     0.058849 ,      0.008572 ,      0.008571 ,      0.008572 ,         0.0      ,     0.075411 ,     0.054375 ,     0.452947 ,        0.086614
matmul_80x80x64    ,       461.0 , 1.357348 ,1.308572 ,  1.684197 ,   0.088804 ,  1.245665 ,  1.194286 ,  1.394286 ,     0.049026 ,      0.008571 ,      0.008571 ,      0.008572 ,         0.0      ,     0.075263 ,     0.054375 ,     0.452857 ,        0.086627
matmul_80x80x80    ,       461.0 , 1.367491 ,1.30134  ,  1.681429 ,   0.109034 ,  1.230643 ,  1.122946 ,  1.428661 ,     0.089072 ,      0.008572 ,      0.008571 ,      0.008572 ,         0.0      ,     0.075772 ,     0.054375 ,     0.464196 ,        0.089112
matmul_80x80x96    ,       461.0 , 1.341339 ,1.30134  ,  1.682857 ,   0.096194 ,  1.208451 ,  1.125714 ,  1.410089 ,     0.059826 ,      0.008571 ,      0.008571 ,      0.008572 ,         0.0      ,     0.075317 ,     0.054375 ,     0.462947 ,        0.088931
matmul_80x80x112   ,       461.0 , 1.369951 ,1.302857 ,  1.697232 ,   0.117997 ,  1.237705 ,  1.12991  ,  1.44     ,     0.092367 ,      0.008571 ,      0.008571 ,      0.008572 ,         0.0      ,     0.07642  ,     0.054375 ,     0.475714 ,        0.091606
matmul_80x80x128   ,       461.0 , 1.395571 ,1.30866  ,  1.97     ,   0.154483 ,  1.249991 ,  1.191429 ,  1.437143 ,     0.084212 ,      0.008571 ,      0.008571 ,      0.008572 ,         0.0      ,     0.083777 ,     0.054375 ,     0.625625 ,        0.12431
matmul_80x96x32    ,       461.0 , 1.335996 ,1.294285 ,  1.671518 ,   0.092544 ,  1.224786 ,  1.184286 ,  1.377143 ,     0.052217 ,      0.008571 ,      0.008571 ,      0.008572 ,         0.0      ,     0.075134 ,     0.054375 ,     0.451429 ,        0.08633
matmul_80x96x48    ,       461.0 , 1.352732 ,1.298661 ,  1.672857 ,   0.104549 ,  1.241571 ,  1.188482 ,  1.468571 ,     0.075473 ,      0.008571 ,      0.008571 ,      0.008572 ,         0.0      ,     0.074924 ,     0.054375 ,     0.45     ,        0.08605
matmul_80x96x64    ,       461.0 , 1.364768 ,1.307232 ,  1.894286 ,   0.135166 ,  1.2465   ,  1.215714 ,  1.41     ,     0.059514 ,      0.008571 ,      0.008571 ,      0.008572 ,         0.0      ,     0.08188  ,     0.054375 ,     0.592946 ,        0.117248
matmul_80x96x80    ,       461.0 , 1.385786 ,1.302768 ,  2.078661 ,   0.176758 ,  1.236214 ,  1.188572 ,  1.46     ,     0.075949 ,      0.008571 ,      0.008571 ,      0.008572 ,         0.0      ,     0.088147 ,     0.054375 ,     0.714196 ,        0.143627
matmul_80x96x96    ,       461.0 , 1.308634 ,1.252767 ,  1.862768 ,   0.140109 ,  1.157705 ,  1.100089 ,  1.342857 ,     0.055273 ,      0.008571 ,      0.008571 ,      0.008572 ,         0.0      ,     0.085786 ,     0.054375 ,     0.667143 ,        0.133374
matmul_80x96x112   ,       461.0 , 1.284353 ,1.251518 ,  1.65866  ,   0.091164 ,  1.144562 ,  1.102857 ,  1.231429 ,     0.029672 ,      0.008572 ,      0.008571 ,      0.008572 ,         0.0      ,     0.075777 ,     0.054375 ,     0.465625 ,        0.089439
matmul_80x96x128   ,       461.0 , 1.314496 ,1.254286 ,  1.838572 ,   0.133749 ,  1.173491 ,  1.135625 ,  1.332858 ,     0.06559  ,      0.008572 ,      0.008571 ,      0.008572 ,         0.0      ,     0.075777 ,     0.054375 ,     0.464286 ,        0.089132
matmul_80x112x32   ,       461.0 , 1.339223 ,1.3      ,  1.660089 ,   0.084163 ,  1.228777 ,  1.185714 ,  1.34866  ,     0.041704 ,      0.008572 ,      0.008571 ,      0.008572 ,         0.0      ,     0.074433 ,     0.054375 ,     0.438661 ,        0.083562
matmul_80x112x48   ,       461.0 , 1.366554 ,1.297143 ,  1.855625 ,   0.132958 ,  1.249375 ,  1.205715 ,  1.405715 ,     0.071405 ,      0.008571 ,      0.008571 ,      0.008572 ,         0.0      ,     0.080509 ,     0.054375 ,     0.564286 ,        0.110988
matmul_80x112x64   ,       461.0 , 1.35921  ,1.304286 ,  1.952857 ,   0.141891 ,  1.247384 ,  1.212857 ,  1.460089 ,     0.063139 ,      0.008571 ,      0.008571 ,      0.008572 ,         0.0      ,     0.075263 ,     0.054375 ,     0.455625 ,        0.087263
matmul_80x112x80   ,       461.0 , 1.372214 ,1.3      ,  1.958571 ,   0.152943 ,  1.229433 ,  1.190089 ,  1.408572 ,     0.070339 ,      0.008572 ,      0.008571 ,      0.008572 ,         0.0      ,     0.083487 ,     0.054375 ,     0.618571 ,        0.122758
matmul_80x112x96   ,       461.0 , 1.312781 ,1.252857 ,  1.801518 ,   0.128384 ,  1.168558 ,  1.11     ,  1.384196 ,     0.067365 ,      0.008571 ,      0.008571 ,      0.008572 ,         0.0      ,     0.08267  ,     0.054375 ,     0.605714 ,        0.119996
matmul_80x112x112  ,       461.0 , 1.338777 ,1.267053 ,  1.927054 ,   0.152833 ,  1.20008  ,  1.147232 ,  1.394197 ,     0.082747 ,      0.008571 ,      0.008571 ,      0.008572 ,         0.0      ,     0.076174 ,     0.054375 ,     0.477232 ,        0.092011
matmul_80x112x128  ,       461.0 , 1.294634 ,1.264286 ,  1.685714 ,   0.093021 ,  1.157375 ,  1.124375 ,  1.262857 ,     0.027079 ,      0.008572 ,      0.008571 ,      0.008572 ,         0.0      ,     0.07629  ,     0.054375 ,     0.47866  ,        0.092312
matmul_80x128x32   ,       461.0 , 1.349786 ,1.294285 ,  1.668571 ,   0.103729 ,  1.238978 ,  1.182857 ,  1.422857 ,     0.074699 ,      0.008571 ,      0.008571 ,      0.008572 ,         0.0      ,     0.075004 ,     0.054375 ,     0.448661 ,        0.085725
matmul_80x128x48   ,       461.0 , 1.340652 ,1.30134  ,  1.675625 ,   0.086909 ,  1.229299 ,  1.19     ,  1.364286 ,     0.041666 ,      0.008572 ,      0.008571 ,      0.008572 ,         0.0      ,     0.074978 ,     0.054375 ,     0.448661 ,        0.085731
matmul_80x128x64   ,       461.0 , 1.334616 ,1.302946 ,  1.679911 ,   0.082008 ,  1.223089 ,  1.191429 ,  1.288571 ,     0.022418 ,      0.008572 ,      0.008571 ,      0.008572 ,         0.0      ,     0.074804 ,     0.054375 ,     0.451428 ,        0.086406
matmul_80x128x80   ,       461.0 , 1.379201 ,1.301339 ,  1.688482 ,   0.102137 ,  1.24079  ,  1.128571 ,  1.390089 ,     0.075605 ,      0.008571 ,      0.008571 ,      0.008572 ,         0.0      ,     0.075777 ,     0.054375 ,     0.465714 ,        0.08946
matmul_80x128x96   ,       461.0 , 1.307428 ,1.254196 ,  1.668482 ,   0.104228 ,  1.168433 ,  1.111428 ,  1.387143 ,     0.070822 ,      0.008571 ,      0.008571 ,      0.008572 ,         0.0      ,     0.076129 ,     0.054375 ,     0.471517 ,        0.09071
matmul_80x128x112  ,       461.0 , 1.330424 ,1.268661 ,  1.878571 ,   0.138708 ,  1.181973 ,  1.152768 ,  1.377054 ,     0.056146 ,      0.008571 ,      0.008571 ,      0.008572 ,         0.0      ,     0.085076 ,     0.054375 ,     0.651428 ,        0.129931
matmul_80x128x128  ,       461.0 , 1.346656 ,1.282857 ,  1.921429 ,   0.146522 ,  1.196638 ,  1.138572 ,  1.382857 ,     0.062918 ,      0.008572 ,      0.008571 ,      0.008572 ,         0.0      ,     0.087299 ,     0.054375 ,     0.695804 ,        0.139602
matmul_96x32x32    ,       413.0 , 1.280411 ,1.224196 ,  1.598482 ,   0.098205 ,  1.169357 ,  1.114285 ,  1.348482 ,     0.067285 ,      0.008571 ,      0.008571 ,      0.008572 ,         0.0      ,     0.074741 ,     0.054375 ,     0.447143 ,        0.085437
matmul_96x32x48    ,       413.0 , 1.198429 ,1.137232 ,  1.537143 ,   0.114008 ,  1.05342  ,  0.995715 ,  1.237143 ,     0.073536 ,      0.008571 ,      0.008571 ,      0.008572 ,         0.0      ,     0.075018 ,     0.054375 ,     0.451428 ,        0.086357
matmul_96x32x64    ,       413.0 , 1.194848 ,1.154285 ,  1.591429 ,   0.100925 ,  1.056437 ,  1.008572 ,  1.241429 ,     0.053694 ,      0.008571 ,      0.008571 ,      0.008572 ,         0.0      ,     0.076924 ,     0.054375 ,     0.491429 ,        0.095096
matmul_96x32x80    ,       413.0 , 1.212223 ,1.16866  ,  1.574286 ,   0.100934 ,  1.068478 ,  1.027054 ,  1.261339 ,     0.052926 ,      0.008571 ,      0.008571 ,      0.008572 ,         0.0      ,     0.075491 ,     0.054375 ,     0.459911 ,        0.088194
matmul_96x32x96    ,       413.0 , 1.231076 ,1.185714 ,  1.678571 ,   0.11139  ,  1.084513 ,  1.045625 ,  1.24     ,     0.050796 ,      0.008571 ,      0.008571 ,      0.008572 ,         0.0      ,     0.079567 ,     0.054375 ,     0.541428 ,        0.10596
matmul_96x32x112   ,       413.0 , 1.21621  ,1.181518 ,  1.591428 ,   0.0918   ,  1.073076 ,  1.04     ,  1.2      ,     0.035701 ,      0.008571 ,      0.008571 ,      0.008572 ,         0.0      ,     0.075781 ,     0.054375 ,     0.465714 ,        0.089459
matmul_96x32x128   ,       413.0 , 1.23167  ,1.182857 ,  1.594196 ,   0.104087 ,  1.09383  ,  1.045803 ,  1.26     ,     0.057149 ,      0.008571 ,      0.008571 ,      0.008572 ,         0.0      ,     0.076121 ,     0.054375 ,     0.467143 ,        0.089708
matmul_96x48x32    ,       429.0 , 1.288232 ,1.251518 ,  1.624285 ,   0.087284 ,  1.177406 ,  1.139911 ,  1.341429 ,     0.041705 ,      0.008571 ,      0.008571 ,      0.008572 ,         0.0      ,     0.074933 ,     0.054375 ,     0.45     ,        0.086048
matmul_96x48x48    ,       429.0 , 1.294134 ,1.255625 ,  1.805714 ,   0.123387 ,  1.183129 ,  1.164286 ,  1.341429 ,     0.04934  ,      0.008571 ,      0.008571 ,      0.008572 ,         0.0      ,     0.075062 ,     0.054375 ,     0.451339 ,        0.086326
matmul_96x48x64    ,       429.0 , 1.240875 ,1.185714 ,  1.597232 ,   0.105548 ,  1.09921  ,  1.042857 ,  1.28     ,     0.068901 ,      0.008571 ,      0.008571 ,      0.008572 ,         0.0      ,     0.075848 ,     0.054375 ,     0.467143 ,        0.089771
matmul_96x48x80    ,       429.0 , 1.266085 ,1.19866  ,  1.61991  ,   0.107708 ,  1.12004  ,  1.058571 ,  1.305715 ,     0.071532 ,      0.008572 ,      0.008571 ,      0.008572 ,         0.0      ,     0.076371 ,     0.054375 ,     0.475714 ,        0.091617
matmul_96x48x96    ,       429.0 , 1.268656 ,1.214285 ,  1.622857 ,   0.102358 ,  1.119419 ,  1.068482 ,  1.294285 ,     0.067654 ,      0.008571 ,      0.008571 ,      0.008572 ,         0.0      ,     0.07583  ,     0.054375 ,     0.462768 ,        0.088771
matmul_96x48x112   ,       429.0 , 1.288571 ,1.211429 ,  1.707143 ,   0.12347  ,  1.141714 ,  1.085804 ,  1.29     ,     0.080001 ,      0.008571 ,      0.008571 ,      0.008572 ,         0.0      ,     0.078143 ,     0.054375 ,     0.512946 ,        0.099752
matmul_96x48x128   ,       429.0 , 1.257848 ,1.205804 ,  1.617143 ,   0.105185 ,  1.117799 ,  1.067232 ,  1.295715 ,     0.061693 ,      0.008571 ,      0.008571 ,      0.008572 ,         0.0      ,     0.075714 ,     0.054375 ,     0.465714 ,        0.089474
matmul_96x64x32    ,       445.0 , 1.324009 ,1.262857 ,  1.634285 ,   0.097996 ,  1.213    ,  1.151428 ,  1.395625 ,     0.069052 ,      0.008571 ,      0.008571 ,      0.008572 ,         0.0      ,     0.074723 ,     0.054375 ,     0.445803 ,        0.085134
matmul_96x64x48    ,       445.0 , 1.349777 ,1.274375 ,  1.698572 ,   0.112247 ,  1.238375 ,  1.182946 ,  1.394375 ,     0.078766 ,      0.008571 ,      0.008571 ,      0.008572 ,         0.0      ,     0.075058 ,     0.054375 ,     0.45009  ,        0.08604
matmul_96x64x64    ,       445.0 , 1.325085 ,1.284285 ,  1.66     ,   0.093997 ,  1.213987 ,  1.170089 ,  1.414197 ,     0.055304 ,      0.008571 ,      0.008571 ,      0.008572 ,         0.0      ,     0.075353 ,     0.054375 ,     0.452947 ,        0.086627
matmul_96x64x80    ,       445.0 , 1.27187  ,1.220089 ,  1.625715 ,   0.102338 ,  1.129196 ,  1.078661 ,  1.301428 ,     0.065504 ,      0.008571 ,      0.008571 ,      0.008572 ,         0.0      ,     0.075844 ,     0.054375 ,     0.462857 ,        0.088788
matmul_96x64x96    ,       445.0 , 1.255875 ,1.227143 ,  1.645804 ,   0.092731 ,  1.115451 ,  1.085803 ,  1.22     ,     0.024642 ,      0.008571 ,      0.008571 ,      0.008572 ,         0.0      ,     0.076326 ,     0.054375 ,     0.474286 ,        0.0913
matmul_96x64x112   ,       445.0 , 1.294571 ,1.234375 ,  1.644196 ,   0.107434 ,  1.149871 ,  1.092857 ,  1.340089 ,     0.072974 ,      0.008572 ,      0.008571 ,      0.008572 ,         0.0      ,     0.075504 ,     0.054375 ,     0.461429 ,        0.088539
matmul_96x64x128   ,       445.0 , 1.278723 ,1.234286 ,  1.644375 ,   0.097671 ,  1.133219 ,  1.087143 ,  1.261429 ,     0.050147 ,      0.008571 ,      0.008571 ,      0.008572 ,         0.0      ,     0.075638 ,     0.054375 ,     0.464196 ,        0.089143
matmul_96x80x32    ,       461.0 , 1.319929 ,1.291428 ,  1.664286 ,   0.082802 ,  1.208732 ,  1.182857 ,  1.301518 ,     0.025327 ,      0.008571 ,      0.008571 ,      0.008572 ,         0.0      ,     0.07483  ,     0.054375 ,     0.445714 ,        0.085088
matmul_96x80x48    ,       461.0 , 1.340576 ,1.304375 ,  1.677143 ,   0.091926 ,  1.229228 ,  1.191429 ,  1.425803 ,     0.050424 ,      0.008571 ,      0.008571 ,      0.008572 ,         0.0      ,     0.075125 ,     0.054375 ,     0.448661 ,        0.085696
matmul_96x80x64    ,       461.0 , 1.352465 ,1.305714 ,  1.944286 ,   0.14308  ,  1.227871 ,  1.194196 ,  1.42     ,     0.045861 ,      0.008572 ,      0.008571 ,      0.008572 ,         0.0      ,     0.087902 ,     0.054375 ,     0.715715 ,        0.144032
matmul_96x80x80    ,       461.0 , 1.390304 ,1.325714 ,  1.748482 ,   0.113087 ,  1.276505 ,  1.211428 ,  1.465715 ,     0.078899 ,      0.008571 ,      0.008571 ,      0.008572 ,         0.0      ,     0.077759 ,     0.054375 ,     0.5      ,        0.09687
matmul_96x80x96    ,       461.0 , 1.325303 ,1.251429 ,  1.932857 ,   0.157507 ,  1.17421  ,  1.131429 ,  1.354375 ,     0.07401  ,      0.008571 ,      0.008571 ,      0.008572 ,         0.0      ,     0.086277 ,     0.054375 ,     0.674286 ,        0.1349
matmul_96x80x112   ,       461.0 , 1.281156 ,1.248572 ,  1.658661 ,   0.090763 ,  1.142558 ,  1.109911 ,  1.245715 ,     0.028675 ,      0.008572 ,      0.008571 ,      0.008572 ,         0.0      ,     0.07592  ,     0.054375 ,     0.468482 ,        0.090062
matmul_96x80x128   ,       461.0 , 1.285375 ,1.247143 ,  1.784285 ,   0.118473 ,  1.146058 ,  1.127142 ,  1.270089 ,     0.039073 ,      0.008571 ,      0.008571 ,      0.008572 ,         0.0      ,     0.076062 ,     0.054375 ,     0.468571 ,        0.090049
matmul_96x96x32    ,       477.0 , 1.352719 ,1.314285 ,  1.685625 ,   0.088185 ,  1.24179  ,  1.204375 ,  1.365625 ,     0.044804 ,      0.008571 ,      0.008571 ,      0.008572 ,         0.0      ,     0.074839 ,     0.054375 ,     0.442946 ,        0.084451
matmul_96x96x48    ,       477.0 , 1.364991 ,1.32     ,  1.697232 ,   0.094313 ,  1.253719 ,  1.21     ,  1.415714 ,     0.056489 ,      0.008572 ,      0.008571 ,      0.008572 ,         0.0      ,     0.074871 ,     0.054375 ,     0.451429 ,        0.086391
matmul_96x96x64    ,       477.0 , 1.355357 ,1.32     ,  1.707054 ,   0.088694 ,  1.243509 ,  1.211339 ,  1.38     ,     0.037561 ,      0.008571 ,      0.008571 ,      0.008572 ,         0.0      ,     0.075362 ,     0.054375 ,     0.46     ,        0.088244
matmul_96x96x80    ,       477.0 , 1.381018 ,1.351428 ,  1.737143 ,   0.084435 ,  1.269085 ,  1.238661 ,  1.338571 ,     0.022484 ,      0.008571 ,      0.008571 ,      0.008572 ,         0.0      ,     0.075558 ,     0.054375 ,     0.461518 ,        0.088547
matmul_96x96x96    ,       477.0 , 1.396062 ,1.340089 ,  1.941429 ,   0.139169 ,  1.24587  ,  1.164375 ,  1.44     ,     0.062519 ,      0.008571 ,      0.008571 ,      0.008572 ,         0.0      ,     0.086701 ,     0.054375 ,     0.682857 ,        0.136769
matmul_96x96x112   ,       477.0 , 1.410768 ,1.332767 ,  1.725714 ,   0.108652 ,  1.276558 ,  1.155714 ,  1.43     ,     0.085168 ,      0.008571 ,      0.008571 ,      0.008572 ,         0.0      ,     0.076165 ,     0.054375 ,     0.475715 ,        0.091665
matmul_96x96x128   ,       477.0 , 1.418924 ,1.340089 ,  1.887053 ,   0.13876  ,  1.27312  ,  1.165625 ,  1.478661 ,     0.094917 ,      0.008571 ,      0.008571 ,      0.008572 ,         0.0      ,     0.083938 ,     0.054375 ,     0.628572 ,        0.124949
matmul_96x112x32   ,       477.0 , 1.365509 ,1.314286 ,  1.69     ,   0.098103 ,  1.254295 ,  1.205714 ,  1.44     ,     0.064801 ,      0.008571 ,      0.008571 ,      0.008572 ,         0.0      ,     0.074978 ,     0.054375 ,     0.448482 ,        0.08569
matmul_96x112x48   ,       477.0 , 1.382344 ,1.32     ,  1.697232 ,   0.099087 ,  1.271004 ,  1.208572 ,  1.43     ,     0.069349 ,      0.008571 ,      0.008571 ,      0.008572 ,         0.0      ,     0.074955 ,     0.054375 ,     0.452946 ,        0.086719
matmul_96x112x64   ,       477.0 , 1.388321 ,1.322857 ,  1.82009  ,   0.12135  ,  1.273125 ,  1.231428 ,  1.445804 ,     0.07001  ,      0.008572 ,      0.008571 ,      0.008572 ,         0.0      ,     0.079478 ,     0.054375 ,     0.535715 ,        0.104669
matmul_96x112x80   ,       477.0 , 1.384071 ,1.348571 ,  1.734196 ,   0.08715  ,  1.272495 ,  1.237232 ,  1.394286 ,     0.034953 ,      0.008572 ,      0.008571 ,      0.008572 ,         0.0      ,     0.075643 ,     0.054375 ,     0.458571 ,        0.087851
matmul_96x112x96   ,       477.0 , 1.406058 ,1.342857 ,  1.867143 ,   0.127829 ,  1.264924 ,  1.222946 ,  1.42009  ,     0.07228  ,      0.008572 ,      0.008571 ,      0.008572 ,         0.0      ,     0.075857 ,     0.054375 ,     0.467143 ,        0.089769
matmul_96x112x112  ,       477.0 , 1.336067 ,1.282857 ,  1.697143 ,   0.097182 ,  1.20471  ,  1.142857 ,  1.344286 ,     0.052455 ,      0.008571 ,      0.008571 ,      0.008572 ,         0.0      ,     0.076214 ,     0.054375 ,     0.474285 ,        0.091326
matmul_96x112x128  ,       477.0 , 1.306705 ,1.281339 ,  1.694197 ,   0.089294 ,  1.168835 ,  1.144197 ,  1.225625 ,     0.017703 ,      0.008571 ,      0.008571 ,      0.008572 ,         0.0      ,     0.076018 ,     0.054375 ,     0.471429 ,        0.090716
matmul_96x128x32   ,       477.0 , 1.360866 ,1.31866  ,  1.694375 ,   0.089961 ,  1.249174 ,  1.207143 ,  1.397143 ,     0.048321 ,      0.008571 ,      0.008571 ,      0.008572 ,         0.0      ,     0.075125 ,     0.054375 ,     0.451429 ,        0.086332
matmul_96x128x48   ,       477.0 , 1.360754 ,1.321339 ,  1.695714 ,   0.0965   ,  1.249446 ,  1.210089 ,  1.44     ,     0.059318 ,      0.008571 ,      0.008571 ,      0.008572 ,         0.0      ,     0.074674 ,     0.054375 ,     0.448571 ,        0.08578
matmul_96x128x64   ,       477.0 , 1.37079  ,1.322857 ,  1.697053 ,   0.098665 ,  1.259312 ,  1.211518 ,  1.494286 ,     0.065146 ,      0.008571 ,      0.008571 ,      0.008572 ,         0.0      ,     0.074897 ,     0.054375 ,     0.447143 ,        0.085401
matmul_96x128x80   ,       477.0 , 1.400424 ,1.34991  ,  1.864286 ,   0.119024 ,  1.282357 ,  1.24     ,  1.445803 ,     0.053956 ,      0.008572 ,      0.008571 ,      0.008572 ,         0.0      ,     0.081728 ,     0.054375 ,     0.588572 ,        0.11628
matmul_96x128x96   ,       477.0 , 1.364018 ,1.330089 ,  1.71991  ,   0.092361 ,  1.227451 ,  1.157142 ,  1.412947 ,     0.044789 ,      0.008571 ,      0.008571 ,      0.008572 ,         0.0      ,     0.075969 ,     0.054375 ,     0.468571 ,        0.090071
matmul_96x128x112  ,       477.0 , 1.340031 ,1.284285 ,  1.694196 ,   0.114135 ,  1.205995 ,  1.148482 ,  1.442858 ,     0.078557 ,      0.008571 ,      0.008571 ,      0.008572 ,         0.0      ,     0.075737 ,     0.054375 ,     0.468572 ,        0.090125
matmul_96x128x128  ,       477.0 , 1.365049 ,1.298661 ,  1.717143 ,   0.103481 ,  1.223933 ,  1.150089 ,  1.387232 ,     0.068363 ,      0.008571 ,      0.008571 ,      0.008572 ,         0.0      ,     0.076165 ,     0.054375 ,     0.477143 ,        0.091993
matmul_112x32x32   ,       413.0 , 1.263219 ,1.225714 ,  1.594375 ,   0.084291 ,  1.152625 ,  1.115625 ,  1.254285 ,     0.037602 ,      0.008572 ,      0.008571 ,      0.008572 ,         0.0      ,     0.074656 ,     0.054375 ,     0.444286 ,        0.084801
matmul_112x32x48   ,       413.0 , 1.179482 ,1.15009  ,  1.545714 ,   0.090182 ,  1.026509 ,  1.002946 ,  1.184286 ,     0.037033 ,      0.008572 ,      0.008571 ,      0.008572 ,         0.0      ,     0.074728 ,     0.054375 ,     0.448571 ,        0.085768
matmul_112x32x64   ,       413.0 , 1.215629 ,1.165714 ,  1.705714 ,   0.119909 ,  1.056576 ,  1.018572 ,  1.175715 ,     0.050708 ,      0.008572 ,      0.008571 ,      0.008572 ,         0.0      ,     0.082085 ,     0.054375 ,     0.594286 ,        0.117509
matmul_112x32x80   ,       413.0 , 1.225004 ,1.171339 ,  1.578571 ,   0.106216 ,  1.088853 ,  1.034196 ,  1.272768 ,     0.072201 ,      0.008571 ,      0.008571 ,      0.008572 ,         0.0      ,     0.075625 ,     0.054375 ,     0.462768 ,        0.088819
matmul_112x32x96   ,       413.0 , 1.224862 ,1.188571 ,  1.6      ,   0.095009 ,  1.082812 ,  1.041517 ,  1.228571 ,     0.043057 ,      0.008572 ,      0.008571 ,      0.008572 ,         0.0      ,     0.075643 ,     0.054375 ,     0.464375 ,        0.089183
matmul_112x32x112  ,       413.0 , 1.273937 ,1.207142 ,  1.644196 ,   0.104577 ,  1.136692 ,  1.07991  ,  1.268571 ,     0.072076 ,      0.008571 ,      0.008571 ,      0.008572 ,         0.0      ,     0.076487 ,     0.054375 ,     0.477143 ,        0.091918
matmul_112x32x128  ,       413.0 , 1.240366 ,1.195714 ,  1.732768 ,   0.122421 ,  1.096085 ,  1.077232 ,  1.244286 ,     0.045537 ,      0.008572 ,      0.008571 ,      0.008572 ,         0.0      ,     0.078491 ,     0.054375 ,     0.52     ,        0.101291
matmul_112x48x32   ,       429.0 , 1.301277 ,1.245715 ,  1.697143 ,   0.111027 ,  1.190621 ,  1.154286 ,  1.36     ,     0.064015 ,      0.008571 ,      0.008571 ,      0.008572 ,         0.0      ,     0.074598 ,     0.054375 ,     0.445714 ,        0.085142
matmul_112x48x48   ,       429.0 , 1.300214 ,1.252947 ,  1.649911 ,   0.100556 ,  1.189138 ,  1.161429 ,  1.365804 ,     0.060455 ,      0.008572 ,      0.008571 ,      0.008572 ,         0.0      ,     0.074799 ,     0.054375 ,     0.44866  ,        0.085772
matmul_112x48x64   ,       429.0 , 1.245915 ,1.187233 ,  1.589911 ,   0.106163 ,  1.103518 ,  1.04     ,  1.28     ,     0.069165 ,      0.008572 ,      0.008571 ,      0.008572 ,         0.0      ,     0.075152 ,     0.054375 ,     0.455715 ,        0.087309
matmul_112x48x80   ,       429.0 , 1.240826 ,1.20134  ,  1.618572 ,   0.091869 ,  1.090862 ,  1.055714 ,  1.198572 ,     0.037628 ,      0.008572 ,      0.008571 ,      0.008572 ,         0.0      ,     0.075554 ,     0.054375 ,     0.47009  ,        0.090515
matmul_112x48x96   ,       429.0 , 1.254143 ,1.205804 ,  1.62     ,   0.110508 ,  1.108987 ,  1.065714 ,  1.347143 ,     0.064254 ,      0.008571 ,      0.008571 ,      0.008572 ,         0.0      ,     0.075799 ,     0.054375 ,     0.467143 ,        0.089783
matmul_112x48x112  ,       429.0 , 1.277165 ,1.221429 ,  1.64     ,   0.111186 ,  1.138857 ,  1.085625 ,  1.335714 ,     0.080172 ,      0.008571 ,      0.008571 ,      0.008572 ,         0.0      ,     0.076312 ,     0.054375 ,     0.471428 ,        0.090647
matmul_112x48x128  ,       429.0 , 1.273581 ,1.23     ,  1.647232 ,   0.104711 ,  1.12142  ,  1.08     ,  1.302857 ,     0.05929  ,      0.008572 ,      0.008571 ,      0.008572 ,         0.0      ,     0.076344 ,     0.054375 ,     0.474286 ,        0.091296
matmul_112x64x32   ,       445.0 , 1.312277 ,1.265625 ,  1.635803 ,   0.094692 ,  1.200875 ,  1.15     ,  1.384285 ,     0.060057 ,      0.008571 ,      0.008571 ,      0.008572 ,         0.0      ,     0.074607 ,     0.054375 ,     0.449911 ,        0.086103
matmul_112x64x48   ,       445.0 , 1.31871  ,1.277142 ,  1.739911 ,   0.109604 ,  1.207299 ,  1.185714 ,  1.387143 ,     0.052948 ,      0.008571 ,      0.008571 ,      0.008572 ,         0.0      ,     0.074991 ,     0.054375 ,     0.45     ,        0.086035
matmul_112x64x64   ,       445.0 , 1.369567 ,1.281428 ,  1.664286 ,   0.116956 ,  1.258072 ,  1.171428 ,  1.447143 ,     0.097309 ,      0.008572 ,      0.008571 ,      0.008572 ,         0.0      ,     0.075415 ,     0.054375 ,     0.457143 ,        0.087576
matmul_112x64x80   ,       445.0 , 1.252799 ,1.215714 ,  1.628483 ,   0.089595 ,  1.114906 ,  1.08     ,  1.178571 ,     0.027784 ,      0.008571 ,      0.008571 ,      0.008572 ,         0.0      ,     0.075929 ,     0.054375 ,     0.467143 ,        0.089753
matmul_112x64x96   ,       445.0 , 1.274772 ,1.225714 ,  1.814375 ,   0.132083 ,  1.127076 ,  1.085714 ,  1.26     ,     0.045883 ,      0.008571 ,      0.008571 ,      0.008572 ,         0.0      ,     0.084652 ,     0.054375 ,     0.645714 ,        0.128718
matmul_112x64x112  ,       445.0 , 1.292571 ,1.241518 ,  1.66     ,   0.102226 ,  1.148549 ,  1.098482 ,  1.311339 ,     0.057946 ,      0.008572 ,      0.008571 ,      0.008572 ,         0.0      ,     0.075933 ,     0.054375 ,     0.47     ,        0.090407
matmul_112x64x128  ,       445.0 , 1.313419 ,1.251428 ,  1.759911 ,   0.121329 ,  1.165143 ,  1.127054 ,  1.335625 ,     0.065449 ,      0.008571 ,      0.008571 ,      0.008572 ,         0.0      ,     0.07608  ,     0.054375 ,     0.471518 ,        0.090722
matmul_112x80x32   ,       461.0 , 1.333804 ,1.29     ,  1.774286 ,   0.111041 ,  1.218996 ,  1.197232 ,  1.36     ,     0.045818 ,      0.008572 ,      0.008571 ,      0.008572 ,         0.0      ,     0.078835 ,     0.054375 ,     0.524286 ,        0.102195
matmul_112x80x48   ,       461.0 , 1.353589 ,1.297232 ,  1.671428 ,   0.098812 ,  1.242429 ,  1.185714 ,  1.422857 ,     0.067866 ,      0.008572 ,      0.008571 ,      0.008572 ,         0.0      ,     0.075049 ,     0.054375 ,     0.45     ,        0.086021
matmul_112x80x64   ,       461.0 , 1.346138 ,1.307143 ,  1.68     ,   0.09279  ,  1.235206 ,  1.197054 ,  1.449911 ,     0.053402 ,      0.008571 ,      0.008571 ,      0.008572 ,         0.0      ,     0.075054 ,     0.054375 ,     0.448482 ,        0.085672
matmul_112x80x80   ,       461.0 , 1.377125 ,1.33009  ,  1.71991  ,   0.099212 ,  1.265076 ,  1.217142 ,  1.454285 ,     0.061803 ,      0.008572 ,      0.008571 ,      0.008572 ,         0.0      ,     0.07579  ,     0.054375 ,     0.465714 ,        0.089457
matmul_112x80x96   ,       461.0 ,10.768973 ,1.24991  ,190.507054 ,  41.234868 ,  1.165442 ,  1.112946 ,  1.371429 ,     0.0608   ,      0.008214 ,      0.001429 ,      0.008572 ,         0.001557 ,     0.075513 ,     0.045625 ,     0.472946 ,        0.091203
matmul_112x80x112  ,       461.0 , 1.321853 ,1.267143 ,  1.8      ,   0.125321 ,  1.181768 ,  1.151339 ,  1.388571 ,     0.059967 ,      0.008571 ,      0.008571 ,      0.008572 ,         0.0      ,     0.076138 ,     0.054375 ,     0.471518 ,        0.090708
matmul_112x80x128  ,       461.0 , 1.314299 ,1.265714 ,  1.685714 ,   0.102951 ,  1.172848 ,  1.125714 ,  1.338571 ,     0.048783 ,      0.008571 ,      0.008571 ,      0.008572 ,         0.0      ,     0.076308 ,     0.054375 ,     0.48     ,        0.092615
matmul_112x96x32   ,       477.0 , 1.366348 ,1.315714 ,  1.691339 ,   0.099324 ,  1.255339 ,  1.202857 ,  1.447054 ,     0.066617 ,      0.008572 ,      0.008571 ,      0.008572 ,         0.0      ,     0.075156 ,     0.054375 ,     0.451428 ,        0.086325
matmul_112x96x48   ,       477.0 , 1.400428 ,1.367232 ,  1.972857 ,   0.131334 ,  1.280451 ,  1.275714 ,  1.317143 ,     0.008632 ,      0.008571 ,      0.008571 ,      0.008572 ,         0.0      ,     0.083607 ,     0.054375 ,     0.619911 ,        0.123038
matmul_112x96x64   ,       477.0 , 1.360272 ,1.322767 ,  1.918572 ,   0.129827 ,  1.237737 ,  1.21009  ,  1.332768 ,     0.022491 ,      0.008571 ,      0.008571 ,      0.008572 ,         0.0      ,     0.085875 ,     0.054375 ,     0.671428 ,        0.134337
matmul_112x96x80   ,       477.0 , 1.413143 ,1.351428 ,  1.827232 ,   0.128055 ,  1.301022 ,  1.26     ,  1.542946 ,     0.085915 ,      0.008572 ,      0.008571 ,      0.008572 ,         0.0      ,     0.075755 ,     0.054375 ,     0.462768 ,        0.088788
matmul_112x96x96   ,       477.0 , 1.42663  ,1.387054 ,  1.905625 ,   0.11595  ,  1.311089 ,  1.294375 ,  1.45     ,     0.037385 ,      0.008571 ,      0.008571 ,      0.008572 ,         0.0      ,     0.078929 ,     0.054375 ,     0.531518 ,        0.103833
matmul_112x96x112  ,       477.0 , 1.344996 ,1.285714 ,  1.980089 ,   0.157488 ,  1.20641  ,  1.172857 ,  1.385625 ,     0.064261 ,      0.008572 ,      0.008571 ,      0.008572 ,         0.0      ,     0.079879 ,     0.054375 ,     0.548571 ,        0.107527
matmul_112x96x128  ,       477.0 , 1.326839 ,1.285804 ,  1.7      ,   0.095391 ,  1.18992  ,  1.141429 ,  1.299911 ,     0.042957 ,      0.008571 ,      0.008571 ,      0.008572 ,         0.0      ,     0.076022 ,     0.054375 ,     0.472946 ,        0.091063
matmul_112x112x32  ,       493.0 , 1.403357 ,1.341429 ,  1.914375 ,   0.128506 ,  1.292419 ,  1.251339 ,  1.43     ,     0.061301 ,      0.008572 ,      0.008571 ,      0.008572 ,         0.0      ,     0.074929 ,     0.054375 ,     0.448572 ,        0.085722
matmul_112x112x48  ,       493.0 , 1.381362 ,1.341429 ,  1.718571 ,   0.088139 ,  1.270205 ,  1.22866  ,  1.422857 ,     0.043203 ,      0.008572 ,      0.008571 ,      0.008572 ,         0.0      ,     0.075402 ,     0.054375 ,     0.452768 ,        0.086575
matmul_112x112x64  ,       493.0 , 1.394942 ,1.348572 ,  1.781518 ,   0.106564 ,  1.280857 ,  1.237143 ,  1.481428 ,     0.059944 ,      0.008572 ,      0.008571 ,      0.008572 ,         0.0      ,     0.077996 ,     0.054375 ,     0.508572 ,        0.098783
matmul_112x112x80  ,       493.0 , 1.442442 ,1.382857 ,  1.775714 ,   0.110122 ,  1.330705 ,  1.275714 ,  1.534285 ,     0.080367 ,      0.008571 ,      0.008571 ,      0.008572 ,         0.0      ,     0.075906 ,     0.054375 ,     0.464375 ,        0.089122
matmul_112x112x96  ,       493.0 , 1.483089 ,1.422946 ,  1.817143 ,   0.109328 ,  1.371196 ,  1.312768 ,  1.574285 ,     0.07899  ,      0.008571 ,      0.008571 ,      0.008572 ,         0.0      ,     0.075938 ,     0.054375 ,     0.468572 ,        0.090078
matmul_112x112x112 ,       493.0 , 1.477929 ,1.377142 ,  1.762947 ,   0.116807 ,  1.343799 ,  1.2      ,  1.514375 ,     0.106047 ,      0.008572 ,      0.008571 ,      0.008572 ,         0.0      ,     0.076183 ,     0.054375 ,     0.470089 ,        0.090369
matmul_112x112x128 ,       493.0 , 1.44687  ,1.377142 ,  1.764285 ,   0.111299 ,  1.305835 ,  1.2      ,  1.507142 ,     0.090169 ,      0.008571 ,      0.008571 ,      0.008572 ,         0.0      ,     0.076013 ,     0.054375 ,     0.471428 ,        0.090716
matmul_112x128x32  ,       493.0 , 1.397081 ,1.331429 ,  1.698572 ,   0.098344 ,  1.286362 ,  1.221518 ,  1.43009  ,     0.07136  ,      0.008572 ,      0.008571 ,      0.008572 ,         0.0      ,     0.074558 ,     0.054375 ,     0.44     ,        0.08384
matmul_112x128x48  ,       493.0 , 1.397067 ,1.342857 ,  1.714286 ,   0.107722 ,  1.286205 ,  1.231429 ,  1.492858 ,     0.080525 ,      0.008572 ,      0.008571 ,      0.008572 ,         0.0      ,     0.074786 ,     0.054375 ,     0.447143 ,        0.085427
matmul_112x128x64  ,       493.0 , 1.386491 ,1.345625 ,  1.72     ,   0.091569 ,  1.275362 ,  1.235714 ,  1.464197 ,     0.051513 ,      0.008571 ,      0.008571 ,      0.008572 ,         0.0      ,     0.074803 ,     0.054375 ,     0.447142 ,        0.085423
matmul_112x128x80  ,       493.0 , 1.41929  ,1.372946 ,  1.75991  ,   0.093336 ,  1.307781 ,  1.264375 ,  1.505714 ,     0.051943 ,      0.008571 ,      0.008571 ,      0.008572 ,         0.0      ,     0.075433 ,     0.054375 ,     0.457232 ,        0.087592
matmul_112x128x96  ,       493.0 , 1.475442 ,1.414285 ,  1.808661 ,   0.10946  ,  1.363429 ,  1.305714 ,  1.574375 ,     0.079255 ,      0.008571 ,      0.008571 ,      0.008572 ,         0.0      ,     0.07579  ,     0.054375 ,     0.467232 ,        0.089805
matmul_112x128x112 ,       493.0 , 1.44479  ,1.378572 ,  1.762857 ,   0.109633 ,  1.308    ,  1.201428 ,  1.53     ,     0.083321 ,      0.008571 ,      0.008571 ,      0.008572 ,         0.0      ,     0.075737 ,     0.054375 ,     0.468571 ,        0.090125
matmul_112x128x128 ,       493.0 , 1.383562 ,1.327143 ,  1.814285 ,   0.130774 ,  1.235938 ,  1.205714 ,  1.529911 ,     0.080546 ,      0.008571 ,      0.008571 ,      0.008572 ,         0.0      ,     0.079085 ,     0.054375 ,     0.532946 ,        0.104125
matmul_128x32x32   ,       413.0 , 1.278063 ,1.224197 ,  1.784196 ,   0.129039 ,  1.16137  ,  1.131518 ,  1.338571 ,     0.057002 ,      0.008572 ,      0.008571 ,      0.008572 ,         0.0      ,     0.080348 ,     0.054375 ,     0.555714 ,        0.109058
matmul_128x32x48   ,       413.0 , 1.192536 ,1.154286 ,  1.551429 ,   0.094628 ,  1.033366 ,  1.005714 ,  1.222947 ,     0.054856 ,      0.008571 ,      0.008571 ,      0.008572 ,         0.0      ,     0.074888 ,     0.054375 ,     0.452857 ,        0.086714
matmul_128x32x64   ,       413.0 , 1.23413  ,1.16     ,  1.718482 ,   0.136929 ,  1.075442 ,  1.028661 ,  1.26     ,     0.07753  ,      0.008572 ,      0.008571 ,      0.008572 ,         0.0      ,     0.082652 ,     0.054375 ,     0.605715 ,        0.120001
matmul_128x32x80   ,       413.0 , 1.248254 ,1.172768 ,  1.842768 ,   0.153037 ,  1.086853 ,  1.024375 ,  1.245625 ,     0.071087 ,      0.008571 ,      0.008571 ,      0.008572 ,         0.0      ,     0.08833  ,     0.054375 ,     0.722946 ,        0.145592
matmul_128x32x96   ,       413.0 , 1.240107 ,1.182857 ,  1.68866  ,   0.121539 ,  1.102558 ,  1.062947 ,  1.298482 ,     0.070072 ,      0.008571 ,      0.008571 ,      0.008572 ,         0.0      ,     0.076281 ,     0.054375 ,     0.472857 ,        0.090982
matmul_128x32x112  ,       413.0 , 1.240794 ,1.2      ,  1.615714 ,   0.097637 ,  1.096139 ,  1.052858 ,  1.244286 ,     0.044932 ,      0.008571 ,      0.008571 ,      0.008572 ,         0.0      ,     0.076125 ,     0.054375 ,     0.469911 ,        0.090342
matmul_128x32x128  ,       413.0 , 1.242478 ,1.22     ,  1.632857 ,   0.089562 ,  1.089121 ,  1.072857 ,  1.094197 ,     0.004039 ,      0.008571 ,      0.008571 ,      0.008572 ,         0.0      ,     0.07567  ,     0.054375 ,     0.467232 ,        0.089833
matmul_128x48x32   ,       429.0 , 1.276571 ,1.245714 ,  1.611518 ,   0.0877   ,  1.165991 ,  1.135625 ,  1.345803 ,     0.042454 ,      0.008571 ,      0.008571 ,      0.008572 ,         0.0      ,     0.074513 ,     0.054375 ,     0.441428 ,        0.084178
matmul_128x48x48   ,       429.0 , 1.286955 ,1.252857 ,  1.628572 ,   0.086776 ,  1.175857 ,  1.142947 ,  1.322946 ,     0.037889 ,      0.008571 ,      0.008571 ,      0.008572 ,         0.0      ,     0.075058 ,     0.054375 ,     0.448572 ,        0.085692
matmul_128x48x64   ,       429.0 , 1.23021  ,1.185714 ,  1.582946 ,   0.101607 ,  1.078174 ,  1.035714 ,  1.262858 ,     0.055787 ,      0.008572 ,      0.008571 ,      0.008572 ,         0.0      ,     0.075018 ,     0.054375 ,     0.454285 ,        0.087012
matmul_128x48x80   ,       429.0 , 1.291491 ,1.195714 ,  1.872768 ,   0.162906 ,  1.146357 ,  1.072946 ,  1.314285 ,     0.098939 ,      0.008572 ,      0.008571 ,      0.008572 ,         0.0      ,     0.075862 ,     0.054375 ,     0.464286 ,        0.089112
matmul_128x48x96   ,       429.0 , 1.931576 ,1.242857 , 14.351518 ,   2.850691 ,  1.138286 ,  1.072857 ,  1.25     ,     0.032726 ,      0.008215 ,      0.001428 ,      0.008572 ,         0.001557 ,     0.075362 ,     0.045625 ,     0.468661 ,        0.090255
matmul_128x48x112  ,       429.0 , 1.260446 ,1.222857 ,  1.781428 ,   0.123949 ,  1.112781 ,  1.077143 ,  1.284285 ,     0.03984  ,      0.008572 ,      0.008571 ,      0.008572 ,         0.0      ,     0.083214 ,     0.054375 ,     0.614197 ,        0.121817
matmul_128x48x128  ,       429.0 , 1.297852 ,1.241428 ,  1.890089 ,   0.143319 ,  1.143772 ,  1.097143 ,  1.261518 ,     0.050588 ,      0.008571 ,      0.008571 ,      0.008572 ,         0.0      ,     0.08737  ,     0.054375 ,     0.7      ,        0.140548
matmul_128x64x32   ,       445.0 , 1.324205 ,1.274286 ,  1.648572 ,   0.101558 ,  1.212799 ,  1.161429 ,  1.402947 ,     0.069941 ,      0.008572 ,      0.008571 ,      0.008572 ,         0.0      ,     0.07467  ,     0.054375 ,     0.45     ,        0.086109
matmul_128x64x48   ,       445.0 , 1.304737 ,1.268572 ,  1.638571 ,   0.089529 ,  1.193786 ,  1.157143 ,  1.338572 ,     0.047326 ,      0.008572 ,      0.008571 ,      0.008572 ,         0.0      ,     0.074964 ,     0.054375 ,     0.445714 ,        0.085057
matmul_128x64x64   ,       445.0 , 1.319371 ,1.275714 ,  1.644375 ,   0.089812 ,  1.208286 ,  1.16     ,  1.387054 ,     0.05155  ,      0.008572 ,      0.008571 ,      0.008572 ,         0.0      ,     0.074866 ,     0.054375 ,     0.448571 ,        0.085736
matmul_128x64x80   ,       445.0 , 1.284272 ,1.212857 ,  1.62     ,   0.109467 ,  1.141728 ,  1.071428 ,  1.325714 ,     0.080363 ,      0.008571 ,      0.008571 ,      0.008572 ,         0.0      ,     0.075437 ,     0.054375 ,     0.461339 ,        0.088534
matmul_128x64x96   ,       445.0 , 1.267862 ,1.231429 ,  1.874375 ,   0.139501 ,  1.120232 ,  1.092857 ,  1.187143 ,     0.016929 ,      0.008572 ,      0.008571 ,      0.008572 ,         0.0      ,     0.087286 ,     0.054375 ,     0.697143 ,        0.139912
matmul_128x64x112  ,       445.0 , 1.306223 ,1.251428 ,  1.708571 ,   0.110271 ,  1.156353 ,  1.102857 ,  1.307143 ,     0.059232 ,      0.008571 ,      0.008571 ,      0.008572 ,         0.0      ,     0.07821  ,     0.054375 ,     0.512857 ,        0.099716
matmul_128x64x128  ,       445.0 , 1.301063 ,1.254285 ,  1.75     ,   0.114699 ,  1.158482 ,  1.115714 ,  1.317143 ,     0.050543 ,      0.008572 ,      0.008571 ,      0.008572 ,         0.0      ,     0.080005 ,     0.054375 ,     0.55009  ,        0.107847
matmul_128x80x32   ,       461.0 , 1.378558 ,1.297142 ,  1.742768 ,   0.121406 ,  1.263531 ,  1.187232 ,  1.441428 ,     0.089557 ,      0.008571 ,      0.008571 ,      0.008572 ,         0.0      ,     0.078402 ,     0.054375 ,     0.517233 ,        0.100676
matmul_128x80x48   ,       461.0 , 1.341728 ,1.301429 ,  1.668661 ,   0.094992 ,  1.231049 ,  1.187053 ,  1.417143 ,     0.059072 ,      0.008571 ,      0.008571 ,      0.008572 ,         0.0      ,     0.074991 ,     0.054375 ,     0.447143 ,        0.085379
matmul_128x80x64   ,       461.0 , 1.34621  ,1.300089 ,  1.712768 ,   0.102295 ,  1.233415 ,  1.191339 ,  1.417232 ,     0.058951 ,      0.008571 ,      0.008571 ,      0.008572 ,         0.0      ,     0.07679  ,     0.054375 ,     0.485715 ,        0.093816
matmul_128x80x80   ,       461.0 , 1.366442 ,1.324285 ,  1.71     ,   0.088083 ,  1.254781 ,  1.211518 ,  1.35134  ,     0.040487 ,      0.008571 ,      0.008571 ,      0.008572 ,         0.0      ,     0.075504 ,     0.054375 ,     0.461339 ,        0.088519
matmul_128x80x96   ,       461.0 , 1.32487  ,1.25     ,  1.792946 ,   0.138544 ,  1.175844 ,  1.13134  ,  1.355803 ,     0.078048 ,      0.008571 ,      0.008571 ,      0.008572 ,         0.0      ,     0.080429 ,     0.054375 ,     0.558482 ,        0.109675
matmul_128x80x112  ,       461.0 , 1.328277 ,1.27     ,  1.682857 ,   0.10974  ,  1.184995 ,  1.120089 ,  1.351428 ,     0.071478 ,      0.008571 ,      0.008571 ,      0.008572 ,         0.0      ,     0.075938 ,     0.054375 ,     0.47     ,        0.090406
matmul_128x80x128  ,       461.0 , 1.356433 ,1.310089 ,  1.701428 ,   0.097007 ,  1.218719 ,  1.135714 ,  1.392768 ,     0.058711 ,      0.008571 ,      0.008571 ,      0.008572 ,         0.0      ,     0.076138 ,     0.054375 ,     0.472946 ,        0.091036
matmul_128x96x32   ,       477.0 , 1.337563 ,1.307143 ,  1.677143 ,   0.088128 ,  1.22663  ,  1.192768 ,  1.407143 ,     0.041875 ,      0.008571 ,      0.008571 ,      0.008572 ,         0.0      ,     0.074996 ,     0.054375 ,     0.448572 ,        0.085706
matmul_128x96x48   ,       477.0 , 1.366259 ,1.322857 ,  1.695625 ,   0.09427  ,  1.254665 ,  1.208482 ,  1.445804 ,     0.057277 ,      0.008571 ,      0.008571 ,      0.008572 ,         0.0      ,     0.074996 ,     0.054375 ,     0.451428 ,        0.086362
matmul_128x96x64   ,       477.0 , 1.407375 ,1.324196 ,  1.767054 ,   0.115779 ,  1.29613  ,  1.232857 ,  1.457233 ,     0.081364 ,      0.008572 ,      0.008571 ,      0.008572 ,         0.0      ,     0.075411 ,     0.054375 ,     0.454375 ,        0.086942
matmul_128x96x80   ,       477.0 , 1.402304 ,1.351429 ,  1.738571 ,   0.106898 ,  1.290567 ,  1.24     ,  1.522857 ,     0.07499  ,      0.008571 ,      0.008571 ,      0.008572 ,         0.0      ,     0.075772 ,     0.054375 ,     0.462768 ,        0.088784
matmul_128x96x96   ,       477.0 , 1.463643 ,1.385803 ,  1.79     ,   0.110727 ,  1.35129  ,  1.28009  ,  1.531428 ,     0.083059 ,      0.008571 ,      0.008571 ,      0.008572 ,         0.0      ,     0.075942 ,     0.054375 ,     0.472768 ,        0.09104
matmul_128x96x112  ,       477.0 , 1.360518 ,1.281428 ,  1.981518 ,   0.161813 ,  1.219013 ,  1.167143 ,  1.397232 ,     0.081022 ,      0.008571 ,      0.008571 ,      0.008572 ,         0.0      ,     0.079554 ,     0.054375 ,     0.541339 ,        0.105942
matmul_128x96x128  ,       477.0 , 1.352272 ,1.300089 ,  1.87     ,   0.127595 ,  1.209496 ,  1.184196 ,  1.374375 ,     0.05139  ,      0.008571 ,      0.008571 ,      0.008572 ,         0.0      ,     0.08279  ,     0.054375 ,     0.607054 ,        0.120276
matmul_128x112x32  ,       493.0 , 1.404228 ,1.342767 ,  2.035804 ,   0.156213 ,  1.28362  ,  1.250089 ,  1.462857 ,     0.060564 ,      0.008571 ,      0.008571 ,      0.008572 ,         0.0      ,     0.084982 ,     0.054375 ,     0.645625 ,        0.128621
matmul_128x112x48  ,       493.0 , 1.386728 ,1.342857 ,  1.878661 ,   0.121428 ,  1.270353 ,  1.251429 ,  1.444375 ,     0.044704 ,      0.008572 ,      0.008571 ,      0.008572 ,         0.0      ,     0.080348 ,     0.054375 ,     0.555625 ,        0.109037
matmul_128x112x64  ,       493.0 , 1.381839 ,1.344285 ,  1.72     ,   0.092817 ,  1.270714 ,  1.234285 ,  1.477143 ,     0.05164  ,      0.008571 ,      0.008571 ,      0.008572 ,         0.0      ,     0.074946 ,     0.054375 ,     0.449911 ,        0.086025
matmul_128x112x80  ,       493.0 , 1.401625 ,1.371429 ,  1.761428 ,   0.087054 ,  1.289719 ,  1.262768 ,  1.411429 ,     0.028361 ,      0.008571 ,      0.008571 ,      0.008572 ,         0.0      ,     0.075451 ,     0.054375 ,     0.464286 ,        0.089207
matmul_128x112x96  ,       493.0 , 1.447567 ,1.404286 ,  1.797143 ,   0.098938 ,  1.335839 ,  1.295625 ,  1.55991  ,     0.058889 ,      0.008571 ,      0.008571 ,      0.008572 ,         0.0      ,     0.075848 ,     0.054375 ,     0.465714 ,        0.089443
matmul_128x112x112 ,       493.0 , 1.491009 ,1.442947 ,  1.848482 ,   0.096306 ,  1.378705 ,  1.335804 ,  1.504196 ,     0.051365 ,      0.008572 ,      0.008571 ,      0.008572 ,         0.0      ,     0.076161 ,     0.054375 ,     0.474375 ,        0.091359
matmul_128x112x128 ,       493.0 , 1.385835 ,1.322946 ,  2.001518 ,   0.152003 ,  1.233522 ,  1.182857 ,  1.422857 ,     0.061145 ,      0.008572 ,      0.008571 ,      0.008572 ,         0.0      ,     0.089232 ,     0.054375 ,     0.74     ,        0.149298
matmul_128x128x32  ,       509.0 , 1.4025   ,1.350089 ,  1.721428 ,   0.09653  ,  1.291094 ,  1.235803 ,  1.457143 ,     0.064354 ,      0.008571 ,      0.008571 ,      0.008572 ,         0.0      ,     0.074786 ,     0.054375 ,     0.448571 ,        0.085754
matmul_128x128x48  ,       509.0 , 1.402138 ,1.367054 ,  1.767143 ,   0.087066 ,  1.2905   ,  1.271428 ,  1.354286 ,     0.024284 ,      0.008571 ,      0.008571 ,      0.008572 ,         0.0      ,     0.075429 ,     0.054375 ,     0.45991  ,        0.088208
matmul_128x128x64  ,       509.0 , 1.436295 ,1.368571 ,  1.804375 ,   0.116834 ,  1.324928 ,  1.277143 ,  1.545625 ,     0.080593 ,      0.008572 ,      0.008571 ,      0.008572 ,         0.0      ,     0.075152 ,     0.054375 ,     0.454286 ,        0.086982
matmul_128x128x80  ,       509.0 , 1.464299 ,1.405714 ,  1.794375 ,   0.104575 ,  1.3525   ,  1.295715 ,  1.561428 ,     0.073251 ,      0.008572 ,      0.008571 ,      0.008572 ,         0.0      ,     0.075772 ,     0.054375 ,     0.462857 ,        0.088805
matmul_128x128x96  ,       509.0 , 1.49542  ,1.435714 ,  1.834286 ,   0.105068 ,  1.383424 ,  1.328661 ,  1.577143 ,     0.071707 ,      0.008572 ,      0.008571 ,      0.008572 ,         0.0      ,     0.075929 ,     0.054375 ,     0.468571 ,        0.09008
matmul_128x128x112 ,       509.0 , 1.506156 ,1.465625 ,  1.885714 ,   0.096576 ,  1.392638 ,  1.351429 ,  1.551429 ,     0.042888 ,      0.008572 ,      0.008571 ,      0.008572 ,         0.0      ,     0.077357 ,     0.054375 ,     0.497232 ,        0.096328
matmul_128x128x128 ,       509.0 , 1.570428 ,1.512946 ,  1.892857 ,   0.100907 ,  1.429205 ,  1.331428 ,  1.598571 ,     0.071823 ,      0.008571 ,      0.008571 ,      0.008572 ,         0.0      ,     0.07592  ,     0.054375 ,     0.468571 ,        0.090082
